{"model": "vllm/Qwen2.5-1.5B-Instruct", "total_samples": 925, "completed_samples": 925, "choice": {"accuracy": 0.27135135135135147, "stderr": 0.0181537387438729, "scorer": "choice"}, "manual_bootstrap": {"accuracy": 0.2704810810810811, "stderr": 0.026857565488314354, "scorer": "manual_bootstrap", "epochs": 5}}