{"model": "vllm/Qwen2.5-1.5B-Instruct", "total_samples": 925, "completed_samples": 925, "choice": {"accuracy": 0.5027027027027028, "stderr": 0.027684138688410964, "scorer": "choice"}, "manual_bootstrap": {"accuracy": 0.5029675675675676, "stderr": 0.024672936705985953, "scorer": "manual_bootstrap", "epochs": 5}}