{"model": "vllm/Qwen2.5-1.5B-Instruct", "total_samples": 925, "completed_samples": 925, "choice": {"accuracy": 0.3708108108108109, "stderr": 0.024264975253267165, "scorer": "choice"}, "manual_bootstrap": {"accuracy": 0.37002162162162167, "stderr": 0.02606385595590171, "scorer": "manual_bootstrap", "epochs": 5}}