{"model": "vllm/gemma-3-270m-it", "total_samples": 925, "completed_samples": 925, "choice": {"accuracy": 0.05513513513513512, "stderr": 0.00913024573815941, "scorer": "choice"}, "manual_bootstrap": {"accuracy": 0.05524864864864865, "stderr": 0.014124727707027223, "scorer": "manual_bootstrap", "epochs": 5}}