{"model": "vllm/gemma-3-270m-it", "total_samples": 925, "completed_samples": 925, "choice": {"accuracy": 0.07891891891891892, "stderr": 0.015938873932192187, "scorer": "choice"}, "manual_bootstrap": {"accuracy": 0.07903243243243244, "stderr": 0.012013334446724323, "scorer": "manual_bootstrap", "epochs": 5}}