{"model": "vllm/Qwen2.5-0.5B-Instruct", "total_samples": 198, "completed_samples": 198, "choice": {"accuracy": 0.17676767676767677, "stderr": 0.027178752639044908, "scorer": "choice"}}