{"model": "vllm/Qwen2.5-7B-Instruct", "total_samples": 925, "completed_samples": 925, "choice": {"accuracy": 0.35027027027027025, "stderr": 0.026432232979093164, "scorer": "choice"}, "manual_bootstrap": {"accuracy": 0.3507837837837837, "stderr": 0.02338109654562154, "scorer": "manual_bootstrap", "epochs": 5}}