{"model": "vllm/Qwen2.5-7B-Instruct", "total_samples": 925, "completed_samples": 925, "choice": {"accuracy": 0.6454054054054054, "stderr": 0.028730787068502565, "scorer": "choice"}, "manual_bootstrap": {"accuracy": 0.6446108108108108, "stderr": 0.020150631439408203, "scorer": "manual_bootstrap", "epochs": 5}}