{"model": "vllm/Qwen2.5-32B-Instruct", "total_samples": 925, "completed_samples": 925, "choice": {"accuracy": 0.4724324324324327, "stderr": 0.0293032111661441, "scorer": "choice"}, "manual_bootstrap": {"accuracy": 0.4732864864864865, "stderr": 0.022998482498292165, "scorer": "manual_bootstrap", "epochs": 5}}