{"model": "vllm/Qwen2.5-32B-Instruct", "total_samples": 925, "completed_samples": 925, "choice": {"accuracy": 0.7675675675675677, "stderr": 0.026577937519510292, "scorer": "choice"}, "manual_bootstrap": {"accuracy": 0.7673243243243244, "stderr": 0.016596421239373004, "scorer": "manual_bootstrap", "epochs": 5}}