{"model": "vllm/Qwen2.5-32B-Instruct", "total_samples": 185, "completed_samples": 185, "choice": {"accuracy": 0.5837837837837838, "stderr": 0.03633930360945236, "scorer": "choice"}}