{"model": "vllm/Qwen2.5-32B-Instruct", "total_samples": 185, "completed_samples": 185, "choice": {"accuracy": 0.43243243243243246, "stderr": 0.03652237430768521, "scorer": "choice"}}