{"model": "vllm/Qwen2.5-32B-Instruct", "total_samples": 185, "completed_samples": 185, "choice": {"accuracy": 0.4864864864864865, "stderr": 0.036847024019448074, "scorer": "choice"}}