{"model": "vllm/gemma-3-27b-it", "total_samples": 925, "completed_samples": 925, "choice": {"accuracy": 0.6875675675675677, "stderr": 0.028174692895979674, "scorer": "choice"}, "manual_bootstrap": {"accuracy": 0.687254054054054, "stderr": 0.01991056409181684, "scorer": "manual_bootstrap", "epochs": 5}}