{"model": "vllm/gemma-3-27b-it", "total_samples": 925, "completed_samples": 925, "choice": {"accuracy": 0.9232432432432431, "stderr": 0.019016702144690395, "scorer": "choice"}, "manual_bootstrap": {"accuracy": 0.9232486486486486, "stderr": 0.004916836506044623, "scorer": "manual_bootstrap", "epochs": 5}}