{"model": "vllm/Qwen2.5-14B-Instruct", "total_samples": 925, "completed_samples": 925, "choice": {"accuracy": 0.7405405405405407, "stderr": 0.02730875491063754, "scorer": "choice"}, "manual_bootstrap": {"accuracy": 0.7409729729729729, "stderr": 0.01697641555722698, "scorer": "manual_bootstrap", "epochs": 5}}