{"model": "vllm/Qwen2.5-0.5B-Instruct", "total_samples": 4200, "completed_samples": 4200, "aime_scorer": {"accuracy": 0.11666666666666682, "stderr": 0.008170409159026715, "scorer": "aime_scorer"}, "manual_bootstrap": {"accuracy": 0.11652738095238098, "stderr": 0.007608932180201272, "scorer": "manual_bootstrap", "epochs": 5}}