{"model": "vllm/Qwen2.5-0.5B-Instruct", "total_samples": 4200, "completed_samples": 4200, "aime_scorer": {"accuracy": 0.006190476190476192, "stderr": 0.0016016060901331308, "scorer": "aime_scorer"}, "manual_bootstrap": {"accuracy": 0.006210714285714286, "stderr": 0.002183448548136245, "scorer": "manual_bootstrap", "epochs": 5}}