{"model": "vllm/Qwen2.5-7B-Instruct", "total_samples": 185, "completed_samples": 185, "choice": {"accuracy": 0.5081081081081081, "stderr": 0.03685564219849691, "scorer": "choice"}}