{"model": "vllm/Qwen2.5-7B-Instruct", "total_samples": 185, "completed_samples": 185, "choice": {"accuracy": 0.6594594594594595, "stderr": 0.034935708092718794, "scorer": "choice"}}