{"model": "vllm/Qwen2.5-7B-Instruct", "total_samples": 185, "completed_samples": 185, "choice": {"accuracy": 0.2972972972972973, "stderr": 0.03369553691877713, "scorer": "choice"}}