{"model": "vllm/Qwen2.5-7B-Instruct", "total_samples": 185, "completed_samples": 185, "choice": {"accuracy": 0.8756756756756757, "stderr": 0.024324324324324326, "scorer": "choice"}}