{"model": "vllm/gemma-3-12b-it", "total_samples": 925, "completed_samples": 925, "choice": {"accuracy": 0.5178378378378375, "stderr": 0.02885960949794925, "scorer": "choice"}, "manual_bootstrap": {"accuracy": 0.5182702702702702, "stderr": 0.022720456378712457, "scorer": "manual_bootstrap", "epochs": 5}}