{"model": "vllm/gemma-3-12b-it", "total_samples": 925, "completed_samples": 925, "choice": {"accuracy": 0.918918918918919, "stderr": 0.01965012997970408, "scorer": "choice"}, "manual_bootstrap": {"accuracy": 0.9189189189189191, "stderr": 0.0043579771612424646, "scorer": "manual_bootstrap", "epochs": 5}}