{"model": "vllm/Qwen2.5-14B-Instruct", "total_samples": 198, "completed_samples": 198, "choice": {"accuracy": 0.5404040404040404, "stderr": 0.03550702465131341, "scorer": "choice"}}