{"model": "vllm/Qwen2.5-14B-Instruct", "total_samples": 198, "completed_samples": 198, "choice": {"accuracy": 0.4898989898989899, "stderr": 0.035616254886737496, "scorer": "choice"}}