{"model": "vllm/Qwen2.5-14B-Instruct", "total_samples": 198, "completed_samples": 198, "choice": {"accuracy": 0.41919191919191917, "stderr": 0.03515520728670422, "scorer": "choice"}}