{"model": "vllm/Qwen2.5-7B-Instruct", "total_samples": 197, "completed_samples": 197, "choice": {"accuracy": 0.30456852791878175, "stderr": 0.03287317463855877, "scorer": "choice"}}