{"model": "vllm/Qwen2.5-7B-Instruct", "total_samples": 197, "completed_samples": 197, "choice": {"accuracy": 0.5989847715736041, "stderr": 0.035007434705732574, "scorer": "choice"}}