{"model": "vllm/Qwen2.5-7B-Instruct", "total_samples": 197, "completed_samples": 197, "choice": {"accuracy": 0.40609137055837563, "stderr": 0.03507871391572973, "scorer": "choice"}}