{"model": "vllm/Qwen2.5-7B-Instruct", "total_samples": 198, "completed_samples": 198, "choice": {"accuracy": 0.4444444444444444, "stderr": 0.035402943770953675, "scorer": "choice"}}