{"model": "vllm/Qwen2.5-32B-Instruct", "total_samples": 198, "completed_samples": 198, "choice": {"accuracy": 0.5606060606060606, "stderr": 0.0353608594752948, "scorer": "choice"}}