{"model": "vllm/Qwen2.5-32B-Instruct", "total_samples": 198, "completed_samples": 198, "choice": {"accuracy": 0.6161616161616161, "stderr": 0.03464881675016339, "scorer": "choice"}}