{"model": "vllm/Qwen2.5-7B-Instruct", "total_samples": 24395, "completed_samples": 24395, "expression_exact_match_sympy": {"accuracy": 0.7205164992826423, "stderr": 0.0054576420380769725, "scorer": "expression_exact_match_sympy"}, "manual_bootstrap": {"accuracy": 0.7204109448657512, "stderr": 0.0032092564115888474, "scorer": "manual_bootstrap", "epochs": 5}}