{"model": "vllm/Qwen2.5-7B-Instruct", "total_samples": 24395, "completed_samples": 24395, "expression_exact_match_sympy": {"accuracy": 0.8496003279360538, "stderr": 0.004465373154131248, "scorer": "expression_exact_match_sympy"}, "manual_bootstrap": {"accuracy": 0.8495355605656897, "stderr": 0.0024684587190002224, "scorer": "manual_bootstrap", "epochs": 5}}