{"model": "vllm/Qwen2.5-14B-Instruct", "total_samples": 198, "completed_samples": 198, "choice": {"accuracy": 0.4090909090909091, "stderr": 0.03502975799413011, "scorer": "choice"}}