{"model": "vllm/Qwen2.5-14B-Instruct", "total_samples": 198, "completed_samples": 198, "choice": {"accuracy": 0.5151515151515151, "stderr": 0.03560716516531066, "scorer": "choice"}}