{"model": "vllm/Qwen2.5-14B-Instruct", "total_samples": 198, "completed_samples": 198, "choice": {"accuracy": 0.6363636363636364, "stderr": 0.03427308652999934, "scorer": "choice"}}