{"model": "vllm/Qwen2.5-14B-Instruct", "total_samples": 198, "completed_samples": 198, "choice": {"accuracy": 0.4494949494949495, "stderr": 0.03544132491947971, "scorer": "choice"}}