{"model": "vllm/Qwen2.5-0.5B-Instruct", "total_samples": 198, "completed_samples": 198, "choice": {"accuracy": 0.15151515151515152, "stderr": 0.025545650426603637, "scorer": "choice"}}