{"model": "vllm/Qwen2.5-0.5B-Instruct", "total_samples": 198, "completed_samples": 198, "choice": {"accuracy": 0.20202020202020202, "stderr": 0.028606204289229834, "scorer": "choice"}}