{"model": "vllm/Qwen2.5-3B-Instruct", "total_samples": 4200, "completed_samples": 4200, "aime_scorer": {"accuracy": 0.19119047619047636, "stderr": 0.010905353746786094, "scorer": "aime_scorer"}, "manual_bootstrap": {"accuracy": 0.19124047619047618, "stderr": 0.008264497671891951, "scorer": "manual_bootstrap", "epochs": 5}}