{"model": "vllm/Qwen2.5-1.5B-Instruct", "total_samples": 198, "completed_samples": 198, "choice": {"accuracy": 0.1717171717171717, "stderr": 0.02686971618742987, "scorer": "choice"}}