{"model": "vllm/Qwen2.5-1.5B-Instruct", "total_samples": 198, "completed_samples": 198, "choice": {"accuracy": 0.2727272727272727, "stderr": 0.03173071239071727, "scorer": "choice"}}