{"model": "vllm/Qwen2.5-32B-Instruct", "total_samples": 4200, "completed_samples": 4200, "aime_scorer": {"accuracy": 0.4816666666666664, "stderr": 0.015027722205386148, "scorer": "aime_scorer"}, "manual_bootstrap": {"accuracy": 0.48225119047619047, "stderr": 0.008315518287380235, "scorer": "manual_bootstrap", "epochs": 5}}