{"model": "vllm/Qwen2.5-32B-Instruct", "total_samples": 4200, "completed_samples": 4200, "aime_scorer": {"accuracy": 0.3838095238095233, "stderr": 0.014187604152551296, "scorer": "aime_scorer"}, "manual_bootstrap": {"accuracy": 0.3842714285714286, "stderr": 0.009035161850230684, "scorer": "manual_bootstrap", "epochs": 5}}