{"model": "vllm/Qwen2.5-0.5B-Instruct", "total_samples": 197, "completed_samples": 197, "choice": {"accuracy": 0.49746192893401014, "stderr": 0.0357138255824119, "scorer": "choice"}}