{"model": "vllm/Qwen2.5-14B-Instruct", "total_samples": 197, "completed_samples": 197, "choice": {"accuracy": 0.6548223350253807, "stderr": 0.03395901225226424, "scorer": "choice"}}