{"model": "vllm/Qwen2.5-14B-Instruct", "total_samples": 197, "completed_samples": 197, "choice": {"accuracy": 0.4873096446700508, "stderr": 0.035702780638408045, "scorer": "choice"}}