{"model": "vllm/Qwen2.5-14B-Instruct", "total_samples": 197, "completed_samples": 197, "choice": {"accuracy": 0.700507614213198, "stderr": 0.03271683525955209, "scorer": "choice"}}