{"model": "vllm/Qwen2.5-14B-Instruct", "total_samples": 197, "completed_samples": 197, "choice": {"accuracy": 0.4720812182741117, "stderr": 0.03565856665161493, "scorer": "choice"}}