{"model": "vllm/Qwen2.5-0.5B-Instruct", "total_samples": 185, "completed_samples": 185, "choice": {"accuracy": 0.6162162162162163, "stderr": 0.03585097408539496, "scorer": "choice"}}