{"model": "vllm/Qwen2.5-0.5B-Instruct", "total_samples": 185, "completed_samples": 185, "choice": {"accuracy": 0.2594594594594595, "stderr": 0.03231470996617759, "scorer": "choice"}}