{"model": "vllm/Qwen2.5-3B-Instruct", "total_samples": 185, "completed_samples": 185, "choice": {"accuracy": 0.2864864864864865, "stderr": 0.03333068663336701, "scorer": "choice"}}