{"model": "vllm/Qwen2.5-3B-Instruct", "total_samples": 185, "completed_samples": 185, "choice": {"accuracy": 0.8972972972972973, "stderr": 0.02237949099455441, "scorer": "choice"}}