{"model": "vllm/Qwen2.5-3B-Instruct", "total_samples": 197, "completed_samples": 197, "choice": {"accuracy": 0.6852791878172588, "stderr": 0.03317175637848493, "scorer": "choice"}}