{"model": "vllm/Qwen2.5-3B-Instruct", "total_samples": 197, "completed_samples": 197, "choice": {"accuracy": 0.5126903553299492, "stderr": 0.035702780638408045, "scorer": "choice"}}