{"model": "vllm/Qwen2.5-3B-Instruct", "total_samples": 197, "completed_samples": 197, "choice": {"accuracy": 0.3553299492385787, "stderr": 0.03418665573987866, "scorer": "choice"}}