{"model": "vllm/Qwen2.5-1.5B-Instruct", "total_samples": 198, "completed_samples": 198, "choice": {"accuracy": 0.22727272727272727, "stderr": 0.029857515673386438, "scorer": "choice"}}