{"model": "vllm/Qwen2.5-3B-Instruct", "total_samples": 198, "completed_samples": 198, "choice": {"accuracy": 0.3282828282828283, "stderr": 0.03345678422756777, "scorer": "choice"}}