{"model": "vllm/Qwen2.5-3B-Instruct", "total_samples": 198, "completed_samples": 198, "choice": {"accuracy": 0.21212121212121213, "stderr": 0.02912652283458678, "scorer": "choice"}}