{"model": "vllm/Qwen2.5-3B-Instruct", "total_samples": 198, "completed_samples": 198, "choice": {"accuracy": 0.398989898989899, "stderr": 0.03488901616852735, "scorer": "choice"}}