{"model": "vllm/gemma-3-4b-it", "total_samples": 925, "completed_samples": 925, "choice": {"accuracy": 0.4540540540540543, "stderr": 0.026871467717728397, "scorer": "choice"}, "manual_bootstrap": {"accuracy": 0.45500000000000007, "stderr": 0.02392975781291278, "scorer": "manual_bootstrap", "epochs": 5}}