{"model": "vllm/Qwen2.5-1.5B-Instruct", "total_samples": 4200, "completed_samples": 4200, "aime_scorer": {"accuracy": 0.036428571428571366, "stderr": 0.0038645268003628438, "scorer": "aime_scorer"}, "manual_bootstrap": {"accuracy": 0.03645833333333333, "stderr": 0.005279379381644096, "scorer": "manual_bootstrap", "epochs": 5}}