{"model": "vllm/Qwen2.5-7B-Instruct", "total_samples": 198, "completed_samples": 198, "choice": {"accuracy": 0.5757575757575758, "stderr": 0.03521224908841589, "scorer": "choice"}}