{"model": "vllm/Qwen2.5-7B-Instruct", "total_samples": 198, "completed_samples": 198, "choice": {"accuracy": 0.35858585858585856, "stderr": 0.034169036403915276, "scorer": "choice"}}