{"model": "vllm/Qwen2.5-7B-Instruct", "total_samples": 198, "completed_samples": 198, "choice": {"accuracy": 0.47474747474747475, "stderr": 0.03557806245087311, "scorer": "choice"}}