{"model": "vllm/Qwen2.5-7B-Instruct", "total_samples": 198, "completed_samples": 198, "choice": {"accuracy": 0.5404040404040404, "stderr": 0.035507024651313404, "scorer": "choice"}}