{"model": "vllm/Qwen2.5-7B-Instruct", "total_samples": 198, "completed_samples": 198, "choice": {"accuracy": 0.5303030303030303, "stderr": 0.03555804051763931, "scorer": "choice"}}