{"model": "vllm/Qwen2.5-3B-Instruct", "total_samples": 198, "completed_samples": 198, "choice": {"accuracy": 0.30303030303030304, "stderr": 0.03274287914026869, "scorer": "choice"}}