submitit INFO (2025-11-30 00:29:43,284) - Starting with JobEnvironment(job_id=13362364, hostname=sphinx4.stanford.edu, local_rank=0(1), node=0(1), global_rank=0(1))
submitit INFO (2025-11-30 00:29:43,284) - Loading pickle: /sphinx/u/cye/emergent-doordash/christine_experiments/20251113/submitit_logs/13362364_submitted.pkl
---------------------------------------------------------                       
mmlu_0_shot (14,042 samples): vllm/Qwen2.5-14B-Instruct                         
max_connections: 32, temperature: 0.0, fail_on_error: False, retry_on_error: 10,
dataset: cais/mmlu                                                              
---------------------------------------------------------                       
                                                                                
Steps:  31/14042   0% | Samples:   1/14042 | accuracy:  n/a | vllm:  1/32 | HTTP retries: 0
Steps:  41/14042   0% | Samples:  10/14042 | accuracy: 0.33 | vllm:  0/32 | HTTP retries: 0
Steps:  56/14042   0% | Samples:  42/14042 | accuracy: 0.76 | vllm: 17/32 | HTTP retries: 55
Steps:  62/14042   0% | Samples:  57/14042 | accuracy: 0.70 | vllm: 26/32 | HTTP retries: 95
Steps:  76/14042   0% | Samples:  63/14042 | accuracy: 0.69 | vllm: 18/32 | HTTP retries: 123
Steps:  95/14042   0% | Samples:  76/14042 | accuracy: 0.69 | vllm: 10/32 | HTTP retries: 142
Steps: 109/14042   0% | Samples:  94/14042 | accuracy: 0.70 | vllm: 14/32 | HTTP retries: 171
Steps: 116/14042   0% | Samples:  98/14042 | accuracy: 0.68 | vllm: 11/32 | HTTP retries: 173
Steps: 125/14042   0% | Samples: 113/14042 | accuracy: 0.70 | vllm: 14/32 | HTTP retries: 203
Steps: 128/14042   0% | Samples: 116/14042 | accuracy: 0.69 | vllm: 17/32 | HTTP retries: 205
Steps: 140/14042   0% | Samples: 129/14042 | accuracy: 0.67 | vllm: 20/32 | HTTP retries: 272
Steps: 162/14042   1% | Samples: 141/14042 | accuracy: 0.68 | vllm: 10/32 | HTTP retries: 323
Steps: 171/14042   1% | Samples: 159/14042 | accuracy: 0.69 | vllm: 17/32 | HTTP retries: 343
Steps: 186/14042   1% | Samples: 172/14042 | accuracy: 0.70 | vllm: 16/32 | HTTP retries: 396
Steps: 187/14042   1% | Samples: 176/14042 | accuracy: 0.70 | vllm: 18/32 | HTTP retries: 400
Steps: 188/14042   1% | Samples: 188/14042 | accuracy: 0.71 | vllm: 31/32 | HTTP retries: 450
Steps: 210/14042   1% | Samples: 189/14042 | accuracy: 0.71 | vllm: 10/32 | HTTP retries: 467
Steps: 218/14042   1% | Samples: 205/14042 | accuracy: 0.73 | vllm: 16/32 | HTTP retries: 486
Steps: 245/14042   1% | Samples: 219/14042 | accuracy: 0.73 | vllm:  4/32 | HTTP retries: 530
Steps: 246/14042   1% | Samples: 220/14042 | accuracy: 0.73 | vllm:  5/32 | HTTP retries: 537
Steps: 248/14042   1% | Samples: 231/14042 | accuracy: 0.73 | vllm: 12/32 | HTTP retries: 542
Steps: 261/14042   1% | Samples: 249/14042 | accuracy: 0.72 | vllm: 19/32 | HTTP retries: 608
Steps: 264/14042   1% | Samples: 262/14042 | accuracy: 0.72 | vllm: 29/32 | HTTP retries: 664
Steps: 275/14042   1% | Samples: 265/14042 | accuracy: 0.72 | vllm: 21/32 | HTTP retries: 717
Steps: 288/14042   2% | Samples: 276/14042 | accuracy: 0.72 | vllm: 19/32 | HTTP retries: 771
Steps: 313/14042   2% | Samples: 289/14042 | accuracy: 0.73 | vllm:  6/32 | HTTP retries: 811
Steps: 314/14042   2% | Samples: 290/14042 | accuracy: 0.73 | vllm:  7/32 | HTTP retries: 813
Steps: 323/14042   2% | Samples: 306/14042 | accuracy: 0.73 | vllm: 12/32 | HTTP retries: 835
Steps: 347/14042   2% | Samples: 324/14042 | accuracy: 0.74 | vllm:  8/32 | HTTP retries: 884
Steps: 354/14042   2% | Samples: 344/14042 | accuracy: 0.75 | vllm:  9/32 | HTTP retries: 906
Steps: 364/14042   2% | Samples: 345/14042 | accuracy: 0.75 | vllm: 10/32 | HTTP retries: 906
Steps: 376/14042   2% | Samples: 365/14042 | accuracy: 0.74 | vllm: 20/32 | HTTP retries: 953
Steps: 384/14042   2% | Samples: 377/14042 | accuracy: 0.75 | vllm: 24/32 | HTTP retries: 1,014
Steps: 415/14042   2% | Samples: 385/14042 | accuracy: 0.75 | vllm:  1/32 | HTTP retries: 1,061
Steps: 419/14042   2% | Samples: 396/14042 | accuracy: 0.75 | vllm:  6/32 | HTTP retries: 1,066
Steps: 434/14042   3% | Samples: 420/14042 | accuracy: 0.74 | vllm: 17/32 | HTTP retries: 1,123
Steps: 448/14042   3% | Samples: 435/14042 | accuracy: 0.74 | vllm: 18/32 | HTTP retries: 1,167
Steps: 457/14042   3% | Samples: 449/14042 | accuracy: 0.75 | vllm: 23/32 | HTTP retries: 1,228
Steps: 469/14042   3% | Samples: 458/14042 | accuracy: 0.75 | vllm: 20/32 | HTTP retries: 1,283
Steps: 479/14042   3% | Samples: 470/14042 | accuracy: 0.75 | vllm: 22/32 | HTTP retries: 1,358
Steps: 494/14042   3% | Samples: 480/14042 | accuracy: 0.76 | vllm: 17/32 | HTTP retries: 1,423
Steps: 502/14042   3% | Samples: 495/14042 | accuracy: 0.75 | vllm: 23/32 | HTTP retries: 1,496
Steps: 503/14042   3% | Samples: 496/14042 | accuracy: 0.75 | vllm: 24/32 | HTTP retries: 1,496
Steps: 527/14042   3% | Samples: 504/14042 | accuracy: 0.75 | vllm:  8/32 | HTTP retries: 1,541
Steps: 541/14042   3% | Samples: 522/14042 | accuracy: 0.75 | vllm: 10/32 | HTTP retries: 1,565
Steps: 550/14042   3% | Samples: 542/14042 | accuracy: 0.75 | vllm: 23/32 | HTTP retries: 1,633
Steps: 575/14042   4% | Samples: 551/14042 | accuracy: 0.75 | vllm:  6/32 | HTTP retries: 1,677
Steps: 576/14042   4% | Samples: 553/14042 | accuracy: 0.75 | vllm:  7/32 | HTTP retries: 1,677
Steps: 577/14042   4% | Samples: 570/14042 | accuracy: 0.75 | vllm: 17/32 | HTTP retries: 1,701
Steps: 582/14042   4% | Samples: 572/14042 | accuracy: 0.75 | vllm: 19/32 | HTTP retries: 1,703
Steps: 605/14042   4% | Samples: 583/14042 | accuracy: 0.75 | vllm:  9/32 | HTTP retries: 1,758
Steps: 614/14042   4% | Samples: 594/14042 | accuracy: 0.75 | vllm:  9/32 | HTTP retries: 1,778
Steps: 639/14042   4% | Samples: 615/14042 | accuracy: 0.75 | vllm:  7/32 | HTTP retries: 1,838
Steps: 647/14042   4% | Samples: 638/14042 | accuracy: 0.75 | vllm: 20/32 | HTTP retries: 1,887
Steps: 669/14042   4% | Samples: 648/14042 | accuracy: 0.75 | vllm: 10/32 | HTTP retries: 1,939
Steps: 670/14042   4% | Samples: 649/14042 | accuracy: 0.75 | vllm: 10/32 | HTTP retries: 1,949
Steps: 675/14042   4% | Samples: 656/14042 | accuracy: 0.75 | vllm: 10/32 | HTTP retries: 1,954
Steps: 699/14042   4% | Samples: 676/14042 | accuracy: 0.76 | vllm:  8/32 | HTTP retries: 2,015
Steps: 703/14042   5% | Samples: 688/14042 | accuracy: 0.75 | vllm: 14/32 | HTTP retries: 2,039
Steps: 716/14042   5% | Samples: 704/14042 | accuracy: 0.75 | vllm: 19/32 | HTTP retries: 2,108
Steps: 722/14042   5% | Samples: 717/14042 | accuracy: 0.75 | vllm: 26/32 | HTTP retries: 2,168
Steps: 733/14042   5% | Samples: 723/14042 | accuracy: 0.75 | vllm: 21/32 | HTTP retries: 2,210
Steps: 742/14042   5% | Samples: 734/14042 | accuracy: 0.76 | vllm: 23/32 | HTTP retries: 2,265
Steps: 759/14042   5% | Samples: 743/14042 | accuracy: 0.76 | vllm: 15/32 | HTTP retries: 2,313
Steps: 765/14042   5% | Samples: 760/14042 | accuracy: 0.76 | vllm: 26/32 | HTTP retries: 2,359
Steps: 772/14042   5% | Samples: 766/14042 | accuracy: 0.76 | vllm: 24/32 | HTTP retries: 2,395
Steps: 773/14042   5% | Samples: 767/14042 | accuracy: 0.76 | vllm: 25/32 | HTTP retries: 2,404
Steps: 796/14042   5% | Samples: 774/14042 | accuracy: 0.76 | vllm:  9/32 | HTTP retries: 2,439
Steps: 801/14042   5% | Samples: 792/14042 | accuracy: 0.76 | vllm: 20/32 | HTTP retries: 2,467
Steps: 821/14042   5% | Samples: 802/14042 | accuracy: 0.77 | vllm: 12/32 | HTTP retries: 2,513
Steps: 830/14042   5% | Samples: 815/14042 | accuracy: 0.77 | vllm: 14/32 | HTTP retries: 2,526
Steps: 846/14042   6% | Samples: 831/14042 | accuracy: 0.77 | vllm: 16/32 | HTTP retries: 2,575
Steps: 862/14042   6% | Samples: 847/14042 | accuracy: 0.77 | vllm: 15/32 | HTTP retries: 2,626
Steps: 863/14042   6% | Samples: 851/14042 | accuracy: 0.77 | vllm: 17/32 | HTTP retries: 2,626
Steps: 876/14042   6% | Samples: 864/14042 | accuracy: 0.77 | vllm: 19/32 | HTTP retries: 2,655
Steps: 893/14042   6% | Samples: 877/14042 | accuracy: 0.77 | vllm: 15/32 | HTTP retries: 2,700
Steps: 902/14042   6% | Samples: 894/14042 | accuracy: 0.77 | vllm: 23/32 | HTTP retries: 2,739
Steps: 911/14042   6% | Samples: 903/14042 | accuracy: 0.77 | vllm: 23/32 | HTTP retries: 2,779
Steps: 926/14042   6% | Samples: 912/14042 | accuracy: 0.77 | vllm: 17/32 | HTTP retries: 2,800
Steps: 939/14042   6% | Samples: 920/14042 | accuracy: 0.77 | vllm: 10/32 | HTTP retries: 2,804
Steps: 945/14042   6% | Samples: 940/14042 | accuracy: 0.77 | vllm: 25/32 | HTTP retries: 2,859
Steps: 946/14042   6% | Samples: 941/14042 | accuracy: 0.77 | vllm: 26/32 | HTTP retries: 2,859
Steps: 971/14042   6% | Samples: 947/14042 | accuracy: 0.77 | vllm:  7/32 | HTTP retries: 2,881
Steps: 978/14042   6% | Samples: 949/14042 | accuracy: 0.77 | vllm:  2/32 | HTTP retries: 2,887
Steps: 987/14042   7% | Samples: 979/14042 | accuracy: 0.77 | vllm: 23/32 | HTTP retries: 2,924
Steps: 988/14042   7% | Samples: 981/14042 | accuracy: 0.77 | vllm: 23/32 | HTTP retries: 2,924
Steps: 1002/14042   7% | Samples: 989/14042 | accuracy: 0.77 | vllm: 18/32 | HTTP retries: 2,967
Steps: 1010/14042   7% | Samples: 1003/14042 | accuracy: 0.77 | vllm: 24/32 | HTTP retries: 3,037
Steps: 1031/14042   7% | Samples: 1011/14042 | accuracy: 0.77 | vllm: 11/32 | HTTP retries: 3,088
Steps: 1032/14042   7% | Samples: 1014/14042 | accuracy: 0.77 | vllm: 12/32 | HTTP retries: 3,100
Steps: 1035/14042   7% | Samples: 1019/14042 | accuracy: 0.77 | vllm: 13/32 | HTTP retries: 3,105
Steps: 1039/14042   7% | Samples: 1036/14042 | accuracy: 0.77 | vllm: 10/32 | HTTP retries: 3,145
Steps: 1058/14042   7% | Samples: 1037/14042 | accuracy: 0.77 | vllm: 10/32 | HTTP retries: 3,145
Steps: 1061/14042   7% | Samples: 1042/14042 | accuracy: 0.77 | vllm: 12/32 | HTTP retries: 3,165
Steps: 1071/14042   7% | Samples: 1062/14042 | accuracy: 0.77 | vllm: 22/32 | HTTP retries: 3,219
Steps: 1082/14042   7% | Samples: 1072/14042 | accuracy: 0.77 | vllm: 21/32 | HTTP retries: 3,273
Steps: 1096/14042   7% | Samples: 1083/14042 | accuracy: 0.77 | vllm: 18/32 | HTTP retries: 3,319
Steps: 1100/14042   7% | Samples: 1097/14042 | accuracy: 0.77 | vllm: 28/32 | HTTP retries: 3,368
Steps: 1109/14042   7% | Samples: 1101/14042 | accuracy: 0.77 | vllm: 23/32 | HTTP retries: 3,398
Steps: 1129/14042   8% | Samples: 1110/14042 | accuracy: 0.77 | vllm: 11/32 | HTTP retries: 3,446
Steps: 1130/14042   8% | Samples: 1113/14042 | accuracy: 0.77 | vllm: 12/32 | HTTP retries: 3,450
Steps: 1144/14042   8% | Samples: 1128/14042 | accuracy: 0.76 | vllm: 13/32 | HTTP retries: 3,470
Steps: 1159/14042   8% | Samples: 1145/14042 | accuracy: 0.76 | vllm: 17/32 | HTTP retries: 3,534
Steps: 1175/14042   8% | Samples: 1160/14042 | accuracy: 0.76 | vllm: 16/32 | HTTP retries: 3,596
Steps: 1182/14042   8% | Samples: 1176/14042 | accuracy: 0.76 | vllm: 25/32 | HTTP retries: 3,650
Steps: 1203/14042   8% | Samples: 1183/14042 | accuracy: 0.76 | vllm: 10/32 | HTTP retries: 3,681
Steps: 1204/14042   8% | Samples: 1185/14042 | accuracy: 0.76 | vllm: 12/32 | HTTP retries: 3,691
Steps: 1209/14042   8% | Samples: 1192/14042 | accuracy: 0.76 | vllm: 12/32 | HTTP retries: 3,691
Steps: 1228/14042   8% | Samples: 1210/14042 | accuracy: 0.76 | vllm: 12/32 | HTTP retries: 3,737
Steps: 1229/14042   8% | Samples: 1213/14042 | accuracy: 0.76 | vllm: 13/32 | HTTP retries: 3,737
Steps: 1241/14042   8% | Samples: 1222/14042 | accuracy: 0.76 | vllm: 10/32 | HTTP retries: 3,753
Steps: 1269/14042   9% | Samples: 1242/14042 | accuracy: 0.76 | vllm:  4/32 | HTTP retries: 3,811
Steps: 1275/14042   9% | Samples: 1251/14042 | accuracy: 0.76 | vllm:  7/32 | HTTP retries: 3,828
Steps: 1280/14042   9% | Samples: 1268/14042 | accuracy: 0.75 | vllm: 17/32 | HTTP retries: 3,830
Steps: 1286/14042   9% | Samples: 1281/14042 | accuracy: 0.76 | vllm: 25/32 | HTTP retries: 3,888
Steps: 1287/14042   9% | Samples: 1282/14042 | accuracy: 0.75 | vllm: 26/32 | HTTP retries: 3,888
Steps: 1295/14042   9% | Samples: 1288/14042 | accuracy: 0.76 | vllm: 24/32 | HTTP retries: 3,934
Steps: 1303/14042   9% | Samples: 1296/14042 | accuracy: 0.76 | vllm: 24/32 | HTTP retries: 3,982
Steps: 1320/14042   9% | Samples: 1304/14042 | accuracy: 0.76 | vllm: 15/32 | HTTP retries: 4,038
Steps: 1337/14042   9% | Samples: 1321/14042 | accuracy: 0.76 | vllm: 15/32 | HTTP retries: 4,074
Steps: 1351/14042   9% | Samples: 1338/14042 | accuracy: 0.76 | vllm: 18/32 | HTTP retries: 4,119
Steps: 1375/14042   9% | Samples: 1352/14042 | accuracy: 0.76 | vllm:  7/32 | HTTP retries: 4,187
Steps: 1376/14042   9% | Samples: 1353/14042 | accuracy: 0.76 | vllm:  8/32 | HTTP retries: 4,187
Steps: 1380/14042   9% | Samples: 1369/14042 | accuracy: 0.76 | vllm: 18/32 | HTTP retries: 4,212
Steps: 1393/14042   9% | Samples: 1381/14042 | accuracy: 0.76 | vllm: 18/32 | HTTP retries: 4,254
Steps: 1394/14042   9% | Samples: 1383/14042 | accuracy: 0.76 | vllm: 20/32 | HTTP retries: 4,259
Steps: 1400/14042   9% | Samples: 1395/14042 | accuracy: 0.76 | vllm: 26/32 | HTTP retries: 4,308
Steps: 1410/14042  10% | Samples: 1401/14042 | accuracy: 0.76 | vllm: 21/32 | HTTP retries: 4,340
Steps: 1411/14042  10% | Samples: 1402/14042 | accuracy: 0.76 | vllm: 22/32 | HTTP retries: 4,340
Steps: 1424/14042  10% | Samples: 1412/14042 | accuracy: 0.76 | vllm: 19/32 | HTTP retries: 4,364
Steps: 1428/14042  10% | Samples: 1425/14042 | accuracy: 0.75 | vllm: 28/32 | HTTP retries: 4,423
Steps: 1446/14042  10% | Samples: 1429/14042 | accuracy: 0.75 | vllm: 14/32 | HTTP retries: 4,452
Steps: 1448/14042  10% | Samples: 1447/14042 | accuracy: 0.75 | vllm: 30/32 | HTTP retries: 4,509
Steps: 1466/14042  10% | Samples: 1449/14042 | accuracy: 0.75 | vllm: 13/32 | HTTP retries: 4,534
Steps: 1467/14042  10% | Samples: 1450/14042 | accuracy: 0.76 | vllm: 14/32 | HTTP retries: 4,534
Steps: 1473/14042  10% | Samples: 1464/14042 | accuracy: 0.76 | vllm: 18/32 | HTTP retries: 4,559
Steps: 1475/14042  10% | Samples: 1468/14042 | accuracy: 0.76 | vllm: 24/32 | HTTP retries: 4,568
Steps: 1502/14042  10% | Samples: 1476/14042 | accuracy: 0.76 | vllm:  5/32 | HTTP retries: 4,606
Steps: 1508/14042  10% | Samples: 1477/14042 | accuracy: 0.76 | vllm:  0/32 | HTTP retries: 4,607
Steps: 1521/14042  10% | Samples: 1509/14042 | accuracy: 0.76 | vllm: 19/32 | HTTP retries: 4,659
Steps: 1531/14042  10% | Samples: 1522/14042 | accuracy: 0.76 | vllm: 22/32 | HTTP retries: 4,729
Steps: 1550/14042  11% | Samples: 1532/14042 | accuracy: 0.76 | vllm: 12/32 | HTTP retries: 4,783
Steps: 1551/14042  11% | Samples: 1533/14042 | accuracy: 0.76 | vllm: 13/32 | HTTP retries: 4,783
Steps: 1559/14042  11% | Samples: 1550/14042 | accuracy: 0.76 | vllm: 17/32 | HTTP retries: 4,815
Steps: 1562/14042  11% | Samples: 1551/14042 | accuracy: 0.76 | vllm: 18/32 | HTTP retries: 4,815
Steps: 1569/14042  11% | Samples: 1563/14042 | accuracy: 0.76 | vllm: 25/32 | HTTP retries: 4,882
Steps: 1588/14042  11% | Samples: 1570/14042 | accuracy: 0.76 | vllm: 13/32 | HTTP retries: 4,907
Steps: 1595/14042  11% | Samples: 1579/14042 | accuracy: 0.76 | vllm: 10/32 | HTTP retries: 4,926
Steps: 1598/14042  11% | Samples: 1581/14042 | accuracy: 0.76 | vllm: 12/32 | HTTP retries: 4,926
Steps: 1614/14042  11% | Samples: 1599/14042 | accuracy: 0.76 | vllm: 16/32 | HTTP retries: 4,991
Steps: 1626/14042  11% | Samples: 1615/14042 | accuracy: 0.76 | vllm: 20/32 | HTTP retries: 5,039
Steps: 1641/14042  11% | Samples: 1627/14042 | accuracy: 0.76 | vllm: 17/32 | HTTP retries: 5,088
Steps: 1643/14042  11% | Samples: 1642/14042 | accuracy: 0.76 | vllm: 30/32 | HTTP retries: 5,137
Steps: 1669/14042  11% | Samples: 1644/14042 | accuracy: 0.76 | vllm:  6/32 | HTTP retries: 5,155
Steps: 1675/14042  11% | Samples: 1651/14042 | accuracy: 0.76 | vllm:  7/32 | HTTP retries: 5,176
Steps: 1693/14042  12% | Samples: 1676/14042 | accuracy: 0.76 | vllm: 14/32 | HTTP retries: 5,229
Steps: 1699/14042  12% | Samples: 1694/14042 | accuracy: 0.76 | vllm: 26/32 | HTTP retries: 5,292
Steps: 1709/14042  12% | Samples: 1700/14042 | accuracy: 0.76 | vllm: 22/32 | HTTP retries: 5,326
Steps: 1712/14042  12% | Samples: 1710/14042 | accuracy: 0.76 | vllm: 29/32 | HTTP retries: 5,387
Steps: 1724/14042  12% | Samples: 1713/14042 | accuracy: 0.76 | vllm: 19/32 | HTTP retries: 5,409
Steps: 1725/14042  12% | Samples: 1714/14042 | accuracy: 0.76 | vllm: 20/32 | HTTP retries: 5,409
Steps: 1734/14042  12% | Samples: 1726/14042 | accuracy: 0.76 | vllm: 23/32 | HTTP retries: 5,443
Steps: 1762/14042  12% | Samples: 1735/14042 | accuracy: 0.76 | vllm:  4/32 | HTTP retries: 5,475
Steps: 1773/14042  12% | Samples: 1753/14042 | accuracy: 0.76 | vllm:  9/32 | HTTP retries: 5,498
Steps: 1797/14042  12% | Samples: 1774/14042 | accuracy: 0.76 | vllm:  8/32 | HTTP retries: 5,559
Steps: 1804/14042  12% | Samples: 1791/14042 | accuracy: 0.76 | vllm:  9/32 | HTTP retries: 5,585
Steps: 1811/14042  12% | Samples: 1792/14042 | accuracy: 0.76 | vllm: 10/32 | HTTP retries: 5,586
Steps: 1829/14042  13% | Samples: 1812/14042 | accuracy: 0.76 | vllm: 14/32 | HTTP retries: 5,662
Steps: 1835/14042  13% | Samples: 1830/14042 | accuracy: 0.76 | vllm: 26/32 | HTTP retries: 5,712
Steps: 1845/14042  13% | Samples: 1836/14042 | accuracy: 0.76 | vllm: 22/32 | HTTP retries: 5,749
Steps: 1851/14042  13% | Samples: 1846/14042 | accuracy: 0.76 | vllm: 26/32 | HTTP retries: 5,785
Steps: 1861/14042  13% | Samples: 1852/14042 | accuracy: 0.76 | vllm: 22/32 | HTTP retries: 5,831
Steps: 1865/14042  13% | Samples: 1862/14042 | accuracy: 0.76 | vllm: 28/32 | HTTP retries: 5,870
Steps: 1877/14042  13% | Samples: 1866/14042 | accuracy: 0.76 | vllm: 20/32 | HTTP retries: 5,896
Steps: 1879/14042  13% | Samples: 1878/14042 | accuracy: 0.76 | vllm: 30/32 | HTTP retries: 5,945
Steps: 1892/14042  13% | Samples: 1880/14042 | accuracy: 0.76 | vllm: 19/32 | HTTP retries: 5,967
Steps: 1913/14042  13% | Samples: 1893/14042 | accuracy: 0.76 | vllm: 11/32 | HTTP retries: 6,020
Steps: 1923/14042  13% | Samples: 1911/14042 | accuracy: 0.76 | vllm: 17/32 | HTTP retries: 6,045
Steps: 1929/14042  13% | Samples: 1914/14042 | accuracy: 0.76 | vllm: 16/32 | HTTP retries: 6,050
Steps: 1937/14042  13% | Samples: 1930/14042 | accuracy: 0.76 | vllm: 24/32 | HTTP retries: 6,114
Steps: 1969/14042  14% | Samples: 1938/14042 | accuracy: 0.76 | vllm:  0/32 | HTTP retries: 6,151
Steps: 1970/14042  14% | Samples: 1939/14042 | accuracy: 0.76 | vllm:  0/32 | HTTP retries: 6,151
Steps: 1972/14042  14% | Samples: 1948/14042 | accuracy: 0.76 | vllm:  5/32 | HTTP retries: 6,151
Steps: 1993/14042  14% | Samples: 1973/14042 | accuracy: 0.76 | vllm: 11/32 | HTTP retries: 6,205
Steps: 2007/14042  14% | Samples: 1988/14042 | accuracy: 0.76 | vllm: 10/32 | HTTP retries: 6,228
Steps: 2022/14042  14% | Samples: 2008/14042 | accuracy: 0.76 | vllm: 15/32 | HTTP retries: 6,295
Steps: 2024/14042  14% | Samples: 2009/14042 | accuracy: 0.76 | vllm: 15/32 | HTTP retries: 6,303
Steps: 2025/14042  14% | Samples: 2012/14042 | accuracy: 0.76 | vllm: 16/32 | HTTP retries: 6,309
Steps: 2026/14042  14% | Samples: 2025/14042 | accuracy: 0.76 | vllm: 18/32 | HTTP retries: 6,329
Steps: 2044/14042  14% | Samples: 2026/14042 | accuracy: 0.76 | vllm: 13/32 | HTTP retries: 6,334
Steps: 2056/14042  14% | Samples: 2043/14042 | accuracy: 0.76 | vllm: 16/32 | HTTP retries: 6,362
Steps: 2065/14042  14% | Samples: 2046/14042 | accuracy: 0.76 | vllm: 11/32 | HTTP retries: 6,364
Steps: 2081/14042  14% | Samples: 2062/14042 | accuracy: 0.76 | vllm: 10/32 | HTTP retries: 6,387
Steps: 2097/14042  14% | Samples: 2082/14042 | accuracy: 0.76 | vllm: 16/32 | HTTP retries: 6,443
Steps: 2109/14042  15% | Samples: 2098/14042 | accuracy: 0.76 | vllm: 20/32 | HTTP retries: 6,487
Steps: 2130/14042  15% | Samples: 2110/14042 | accuracy: 0.76 | vllm: 10/32 | HTTP retries: 6,538
Steps: 2131/14042  15% | Samples: 2111/14042 | accuracy: 0.76 | vllm: 11/32 | HTTP retries: 6,538
Steps: 2141/14042  15% | Samples: 2128/14042 | accuracy: 0.76 | vllm:  8/32 | HTTP retries: 6,565
Steps: 2149/14042  15% | Samples: 2135/14042 | accuracy: 0.76 | vllm: 15/32 | HTTP retries: 6,568
Steps: 2164/14042  15% | Samples: 2150/14042 | accuracy: 0.76 | vllm: 17/32 | HTTP retries: 6,607
Steps: 2173/14042  15% | Samples: 2165/14042 | accuracy: 0.76 | vllm: 23/32 | HTTP retries: 6,664
Steps: 2205/14042  15% | Samples: 2174/14042 | accuracy: 0.76 | vllm:  0/32 | HTTP retries: 6,694
Steps: 2214/14042  15% | Samples: 2184/14042 | accuracy: 0.76 | vllm:  1/32 | HTTP retries: 6,704
Steps: 2233/14042  15% | Samples: 2215/14042 | accuracy: 0.76 | vllm: 13/32 | HTTP retries: 6,758
Steps: 2235/14042  15% | Samples: 2228/14042 | accuracy: 0.76 | vllm: 13/32 | HTTP retries: 6,783
Steps: 2244/14042  15% | Samples: 2229/14042 | accuracy: 0.76 | vllm: 14/32 | HTTP retries: 6,783
Steps: 2271/14042  16% | Samples: 2245/14042 | accuracy: 0.76 | vllm:  5/32 | HTTP retries: 6,850
Steps: 2282/14042  16% | Samples: 2262/14042 | accuracy: 0.76 | vllm:  9/32 | HTTP retries: 6,865
Steps: 2297/14042  16% | Samples: 2283/14042 | accuracy: 0.76 | vllm: 17/32 | HTTP retries: 6,931
Steps: 2298/14042  16% | Samples: 2298/14042 | accuracy: 0.76 | vllm: 31/32 | HTTP retries: 6,987
Steps: 2313/14042  16% | Samples: 2299/14042 | accuracy: 0.76 | vllm: 16/32 | HTTP retries: 7,006
Steps: 2314/14042  16% | Samples: 2301/14042 | accuracy: 0.76 | vllm: 17/32 | HTTP retries: 7,008
Steps: 2322/14042  16% | Samples: 2315/14042 | accuracy: 0.76 | vllm: 24/32 | HTTP retries: 7,055
Steps: 2349/14042  16% | Samples: 2323/14042 | accuracy: 0.76 | vllm:  5/32 | HTTP retries: 7,088
Steps: 2351/14042  16% | Samples: 2324/14042 | accuracy: 0.76 | vllm:  4/32 | HTTP retries: 7,097
Steps: 2355/14042  16% | Samples: 2331/14042 | accuracy: 0.76 | vllm:  5/32 | HTTP retries: 7,097
Steps: 2374/14042  16% | Samples: 2356/14042 | accuracy: 0.76 | vllm: 13/32 | HTTP retries: 7,151
Steps: 2381/14042  16% | Samples: 2370/14042 | accuracy: 0.76 | vllm: 10/32 | HTTP retries: 7,172
Steps: 2389/14042  17% | Samples: 2371/14042 | accuracy: 0.76 | vllm: 11/32 | HTTP retries: 7,172
Steps: 2392/14042  17% | Samples: 2390/14042 | accuracy: 0.76 | vllm: 29/32 | HTTP retries: 7,250
Steps: 2401/14042  17% | Samples: 2393/14042 | accuracy: 0.76 | vllm: 23/32 | HTTP retries: 7,275
Steps: 2421/14042  17% | Samples: 2402/14042 | accuracy: 0.76 | vllm: 12/32 | HTTP retries: 7,323
Steps: 2428/14042  17% | Samples: 2419/14042 | accuracy: 0.76 | vllm: 20/32 | HTTP retries: 7,352
Steps: 2432/14042  17% | Samples: 2422/14042 | accuracy: 0.76 | vllm: 21/32 | HTTP retries: 7,361
Steps: 2446/14042  17% | Samples: 2433/14042 | accuracy: 0.76 | vllm: 18/32 | HTTP retries: 7,418
Steps: 2460/14042  17% | Samples: 2447/14042 | accuracy: 0.76 | vllm: 18/32 | HTTP retries: 7,483
Steps: 2475/14042  17% | Samples: 2461/14042 | accuracy: 0.76 | vllm: 17/32 | HTTP retries: 7,551
Steps: 2476/14042  17% | Samples: 2476/14042 | accuracy: 0.76 | vllm: 31/32 | HTTP retries: 7,611
Steps: 2501/14042  17% | Samples: 2477/14042 | accuracy: 0.76 | vllm:  7/32 | HTTP retries: 7,615
Steps: 2514/14042  17% | Samples: 2493/14042 | accuracy: 0.76 | vllm:  8/32 | HTTP retries: 7,637
Steps: 2523/14042  17% | Samples: 2515/14042 | accuracy: 0.76 | vllm: 23/32 | HTTP retries: 7,716
Steps: 2550/14042  18% | Samples: 2524/14042 | accuracy: 0.76 | vllm:  5/32 | HTTP retries: 7,758
Steps: 2558/14042  18% | Samples: 2543/14042 | accuracy: 0.76 | vllm: 14/32 | HTTP retries: 7,782
Steps: 2577/14042  18% | Samples: 2559/14042 | accuracy: 0.76 | vllm: 13/32 | HTTP retries: 7,838
Steps: 2584/14042  18% | Samples: 2560/14042 | accuracy: 0.76 | vllm:  7/32 | HTTP retries: 7,853
Steps: 2605/14042  18% | Samples: 2585/14042 | accuracy: 0.76 | vllm: 11/32 | HTTP retries: 7,913
Steps: 2610/14042  18% | Samples: 2603/14042 | accuracy: 0.76 | vllm: 18/32 | HTTP retries: 7,947
Steps: 2614/14042  18% | Samples: 2606/14042 | accuracy: 0.76 | vllm: 23/32 | HTTP retries: 7,959
Steps: 2630/14042  18% | Samples: 2615/14042 | accuracy: 0.76 | vllm: 16/32 | HTTP retries: 7,992
Steps: 2631/14042  18% | Samples: 2625/14042 | accuracy: 0.75 | vllm: 25/32 | HTTP retries: 7,995
Steps: 2650/14042  18% | Samples: 2632/14042 | accuracy: 0.76 | vllm:  8/32 | HTTP retries: 7,995
Steps: 2670/14042  19% | Samples: 2641/14042 | accuracy: 0.76 | vllm:  1/32 | HTTP retries: 8,001
Steps: 2672/14042  19% | Samples: 2648/14042 | accuracy: 0.76 | vllm:  6/32 | HTTP retries: 8,001
Steps: 2675/14042  19% | Samples: 2669/14042 | accuracy: 0.76 | vllm: 23/32 | HTTP retries: 8,005
Steps: 2679/14042  19% | Samples: 2673/14042 | accuracy: 0.76 | vllm: 22/32 | HTTP retries: 8,013
Steps: 2681/14042  19% | Samples: 2679/14042 | accuracy: 0.76 | vllm: 27/32 | HTTP retries: 8,018
Steps: 2712/14042  19% | Samples: 2683/14042 | accuracy: 0.76 | vllm:  2/32 | HTTP retries: 8,025
Steps: 2724/14042  19% | Samples: 2693/14042 | accuracy: 0.76 | vllm:  0/32 | HTTP retries: 8,026
Steps: 2755/14042  19% | Samples: 2725/14042 | accuracy: 0.76 | vllm:  1/32 | HTTP retries: 8,045
Steps: 2765/14042  19% | Samples: 2734/14042 | accuracy: 0.76 | vllm:  0/32 | HTTP retries: 8,045
Steps: 2781/14042  19% | Samples: 2766/14042 | accuracy: 0.76 | vllm:  6/32 | HTTP retries: 8,069
Steps: 2792/14042  19% | Samples: 2771/14042 | accuracy: 0.76 | vllm:  8/32 | HTTP retries: 8,069
Steps: 2805/14042  19% | Samples: 2775/14042 | accuracy: 0.76 | vllm:  1/32 | HTTP retries: 8,071
Steps: 2806/14042  19% | Samples: 2784/14042 | accuracy: 0.76 | vllm:  7/32 | HTTP retries: 8,071
Steps: 2807/14042  19% | Samples: 2792/14042 | accuracy: 0.76 | vllm: 14/32 | HTTP retries: 8,071
Steps: 2808/14042  19% | Samples: 2807/14042 | accuracy: 0.76 | vllm: 27/32 | HTTP retries: 8,081
Steps: 2818/14042  20% | Samples: 2810/14042 | accuracy: 0.76 | vllm: 23/32 | HTTP retries: 8,092
Steps: 2823/14042  20% | Samples: 2812/14042 | accuracy: 0.76 | vllm: 12/32 | HTTP retries: 8,093
Steps: 2831/14042  20% | Samples: 2816/14042 | accuracy: 0.76 | vllm: 16/32 | HTTP retries: 8,099
Steps: 2837/14042  20% | Samples: 2827/14042 | accuracy: 0.76 | vllm: 16/32 | HTTP retries: 8,104
Steps: 2842/14042  20% | Samples: 2833/14042 | accuracy: 0.76 | vllm: 20/32 | HTTP retries: 8,115
Steps: 2860/14042  20% | Samples: 2843/14042 | accuracy: 0.76 | vllm: 14/32 | HTTP retries: 8,129
Steps: 2871/14042  20% | Samples: 2845/14042 | accuracy: 0.76 | vllm:  4/32 | HTTP retries: 8,129
Steps: 2872/14042  20% | Samples: 2848/14042 | accuracy: 0.76 | vllm:  5/32 | HTTP retries: 8,129
Steps: 2883/14042  20% | Samples: 2852/14042 | accuracy: 0.76 | vllm:  0/32 | HTTP retries: 8,132
Steps: 2899/14042  20% | Samples: 2884/14042 | accuracy: 0.76 | vllm:  8/32 | HTTP retries: 8,158
Steps: 2908/14042  20% | Samples: 2886/14042 | accuracy: 0.76 | vllm:  8/32 | HTTP retries: 8,158
[11/30/25 06:42:28] WARNING  Sample error (id: 2886, epoch: 1):       run.py:650
                             Connection error.). Sample will be                 
                             retried.                                           
Steps: 2918/14042  20% | Samples: 2905/14042 | accuracy: 0.76 | vllm: 16/32 | HTTP retries: 8,166
Steps: 2919/14042  20% | Samples: 2918/14042 | accuracy: 0.76 | vllm: 30/32 | HTTP retries: 8,180
Steps: 2921/14042  20% | Samples: 2921/14042 | accuracy: 0.76 | vllm: 17/32 | HTTP retries: 8,192
Steps: 2941/14042  20% | Samples: 2922/14042 | accuracy: 0.76 | vllm: 11/32 | HTTP retries: 8,193
Steps: 2957/14042  21% | Samples: 2929/14042 | accuracy: 0.76 | vllm:  2/32 | HTTP retries: 8,199
Steps: 2960/14042  21% | Samples: 2938/14042 | accuracy: 0.75 | vllm:  7/32 | HTTP retries: 8,199
Steps: 2970/14042  21% | Samples: 2961/14042 | accuracy: 0.75 | vllm: 22/32 | HTTP retries: 8,238
[11/30/25 06:44:19] WARNING  Sample error (id: 2967, epoch: 1):       run.py:650
                             Connection error.). Sample will be                 
                             retried.                                           
Steps: 2971/14042  21% | Samples: 2965/14042 | accuracy: 0.75 | vllm: 25/32 | HTTP retries: 8,247
Steps: 2987/14042  21% | Samples: 2972/14042 | accuracy: 0.75 | vllm: 15/32 | HTTP retries: 8,272
Steps: 2995/14042  21% | Samples: 2981/14042 | accuracy: 0.75 | vllm: 17/32 | HTTP retries: 8,281
Steps: 2998/14042  21% | Samples: 2985/14042 | accuracy: 0.75 | vllm: 11/32 | HTTP retries: 8,282
Steps: 3004/14042  21% | Samples: 2990/14042 | accuracy: 0.75 | vllm: 14/32 | HTTP retries: 8,286
Steps: 3005/14042  21% | Samples: 2998/14042 | accuracy: 0.76 | vllm: 24/32 | HTTP retries: 8,295
Steps: 3010/14042  21% | Samples: 3005/14042 | accuracy: 0.75 | vllm: 15/32 | HTTP retries: 8,297
Steps: 3022/14042  21% | Samples: 3009/14042 | accuracy: 0.75 | vllm: 16/32 | HTTP retries: 8,298
Steps: 3041/14042  21% | Samples: 3023/14042 | accuracy: 0.75 | vllm: 13/32 | HTTP retries: 8,314
Steps: 3042/14042  21% | Samples: 3031/14042 | accuracy: 0.75 | vllm: 18/32 | HTTP retries: 8,320
Steps: 3047/14042  21% | Samples: 3038/14042 | accuracy: 0.75 | vllm:  8/32 | HTTP retries: 8,326
Steps: 3059/14042  21% | Samples: 3039/14042 | accuracy: 0.76 | vllm:  9/32 | HTTP retries: 8,326
Steps: 3060/14042  21% | Samples: 3045/14042 | accuracy: 0.76 | vllm: 14/32 | HTTP retries: 8,327
Steps: 3062/14042  21% | Samples: 3060/14042 | accuracy: 0.76 | vllm: 13/32 | HTTP retries: 8,341
Steps: 3076/14042  21% | Samples: 3061/14042 | accuracy: 0.76 | vllm: 16/32 | HTTP retries: 8,343
Steps: 3091/14042  22% | Samples: 3077/14042 | accuracy: 0.76 | vllm: 11/32 | HTTP retries: 8,361
Steps: 3097/14042  22% | Samples: 3083/14042 | accuracy: 0.76 | vllm: 15/32 | HTTP retries: 8,362
Steps: 3107/14042  22% | Samples: 3094/14042 | accuracy: 0.76 | vllm: 13/32 | HTTP retries: 8,376
Steps: 3110/14042  22% | Samples: 3098/14042 | accuracy: 0.76 | vllm: 15/32 | HTTP retries: 8,377
Steps: 3116/14042  22% | Samples: 3107/14042 | accuracy: 0.75 | vllm: 22/32 | HTTP retries: 8,385
Steps: 3126/14042  22% | Samples: 3113/14042 | accuracy: 0.75 | vllm: 11/32 | HTTP retries: 8,390
Steps: 3132/14042  22% | Samples: 3119/14042 | accuracy: 0.76 | vllm: 15/32 | HTTP retries: 8,391
Steps: 3133/14042  22% | Samples: 3125/14042 | accuracy: 0.76 | vllm: 23/32 | HTTP retries: 8,400
Steps: 3141/14042  22% | Samples: 3131/14042 | accuracy: 0.76 | vllm: 15/32 | HTTP retries: 8,407
Steps: 3147/14042  22% | Samples: 3136/14042 | accuracy: 0.76 | vllm: 18/32 | HTTP retries: 8,407
Steps: 3161/14042  22% | Samples: 3148/14042 | accuracy: 0.76 | vllm: 15/32 | HTTP retries: 8,426
Steps: 3164/14042  22% | Samples: 3154/14042 | accuracy: 0.76 | vllm: 19/32 | HTTP retries: 8,436
Steps: 3171/14042  22% | Samples: 3164/14042 | accuracy: 0.76 | vllm:  9/32 | HTTP retries: 8,438
Steps: 3186/14042  22% | Samples: 3165/14042 | accuracy: 0.76 | vllm:  9/32 | HTTP retries: 8,438
Steps: 3187/14042  22% | Samples: 3173/14042 | accuracy: 0.76 | vllm: 15/32 | HTTP retries: 8,443
Steps: 3188/14042  22% | Samples: 3182/14042 | accuracy: 0.76 | vllm:  9/32 | HTTP retries: 8,447
Steps: 3202/14042  22% | Samples: 3184/14042 | accuracy: 0.76 | vllm: 10/32 | HTTP retries: 8,447
Steps: 3204/14042  22% | Samples: 3193/14042 | accuracy: 0.76 | vllm: 18/32 | HTTP retries: 8,451
Steps: 3219/14042  22% | Samples: 3205/14042 | accuracy: 0.76 | vllm: 17/32 | HTTP retries: 8,465
Steps: 3220/14042  22% | Samples: 3213/14042 | accuracy: 0.76 | vllm: 22/32 | HTTP retries: 8,474
Steps: 3225/14042  22% | Samples: 3218/14042 | accuracy: 0.76 | vllm: 11/32 | HTTP retries: 8,476
Steps: 3236/14042  23% | Samples: 3221/14042 | accuracy: 0.76 | vllm:  9/32 | HTTP retries: 8,476
Steps: 3241/14042  23% | Samples: 3226/14042 | accuracy: 0.76 | vllm: 12/32 | HTTP retries: 8,477
Steps: 3244/14042  23% | Samples: 3234/14042 | accuracy: 0.76 | vllm: 21/32 | HTTP retries: 8,484
Steps: 3261/14042  23% | Samples: 3242/14042 | accuracy: 0.76 | vllm:  9/32 | HTTP retries: 8,486
Steps: 3263/14042  23% | Samples: 3252/14042 | accuracy: 0.76 | vllm: 18/32 | HTTP retries: 8,491
Steps: 3272/14042  23% | Samples: 3255/14042 | accuracy: 0.76 | vllm:  9/32 | HTTP retries: 8,497
Steps: 3276/14042  23% | Samples: 3258/14042 | accuracy: 0.76 | vllm:  9/32 | HTTP retries: 8,497
Steps: 3280/14042  23% | Samples: 3267/14042 | accuracy: 0.76 | vllm: 16/32 | HTTP retries: 8,502
Steps: 3295/14042  23% | Samples: 3281/14042 | accuracy: 0.76 | vllm: 17/32 | HTTP retries: 8,513
Steps: 3296/14042  23% | Samples: 3289/14042 | accuracy: 0.76 | vllm: 22/32 | HTTP retries: 8,518
Steps: 3315/14042  23% | Samples: 3297/14042 | accuracy: 0.76 | vllm: 11/32 | HTTP retries: 8,527
Steps: 3317/14042  23% | Samples: 3306/14042 | accuracy: 0.76 | vllm: 20/32 | HTTP retries: 8,534
Steps: 3331/14042  23% | Samples: 3316/14042 | accuracy: 0.76 | vllm: 13/32 | HTTP retries: 8,538
Steps: 3332/14042  23% | Samples: 3322/14042 | accuracy: 0.76 | vllm: 19/32 | HTTP retries: 8,543
Steps: 3346/14042  23% | Samples: 3333/14042 | accuracy: 0.76 | vllm: 14/32 | HTTP retries: 8,558
Steps: 3351/14042  23% | Samples: 3342/14042 | accuracy: 0.76 | vllm: 20/32 | HTTP retries: 8,571
Steps: 3353/14042  23% | Samples: 3346/14042 | accuracy: 0.76 | vllm: 14/32 | HTTP retries: 8,571
Steps: 3361/14042  23% | Samples: 3349/14042 | accuracy: 0.76 | vllm: 11/32 | HTTP retries: 8,571
Steps: 3373/14042  24% | Samples: 3354/14042 | accuracy: 0.76 | vllm: 11/32 | HTTP retries: 8,571
Steps: 3387/14042  24% | Samples: 3370/14042 | accuracy: 0.76 | vllm: 12/32 | HTTP retries: 8,581
Steps: 3388/14042  24% | Samples: 3381/14042 | accuracy: 0.76 | vllm: 22/32 | HTTP retries: 8,587
Steps: 3406/14042  24% | Samples: 3389/14042 | accuracy: 0.76 | vllm: 12/32 | HTTP retries: 8,597
Steps: 3408/14042  24% | Samples: 3397/14042 | accuracy: 0.76 | vllm: 18/32 | HTTP retries: 8,606
Steps: 3410/14042  24% | Samples: 3402/14042 | accuracy: 0.76 | vllm: 10/32 | HTTP retries: 8,607
Steps: 3421/14042  24% | Samples: 3405/14042 | accuracy: 0.76 | vllm:  6/32 | HTTP retries: 8,607
Steps: 3428/14042  24% | Samples: 3409/14042 | accuracy: 0.76 | vllm: 10/32 | HTTP retries: 8,607
Steps: 3429/14042  24% | Samples: 3419/14042 | accuracy: 0.76 | vllm: 19/32 | HTTP retries: 8,610
Steps: 3436/14042  24% | Samples: 3430/14042 | accuracy: 0.76 | vllm: 23/32 | HTTP retries: 8,627
Steps: 3441/14042  24% | Samples: 3439/14042 | accuracy: 0.76 | vllm: 29/32 | HTTP retries: 8,647
Steps: 3445/14042  24% | Samples: 3444/14042 | accuracy: 0.76 | vllm: 20/32 | HTTP retries: 8,655
Steps: 3462/14042  24% | Samples: 3445/14042 | accuracy: 0.76 | vllm: 11/32 | HTTP retries: 8,655
Steps: 3467/14042  24% | Samples: 3450/14042 | accuracy: 0.76 | vllm:  3/32 | HTTP retries: 8,665
Steps: 3478/14042  24% | Samples: 3456/14042 | accuracy: 0.76 | vllm:  7/32 | HTTP retries: 8,665
Steps: 3479/14042  24% | Samples: 3464/14042 | accuracy: 0.76 | vllm: 14/32 | HTTP retries: 8,667
Steps: 3481/14042  24% | Samples: 3480/14042 | accuracy: 0.76 | vllm: 30/32 | HTTP retries: 8,692
Steps: 3491/14042  24% | Samples: 3482/14042 | accuracy: 0.76 | vllm: 21/32 | HTTP retries: 8,699
Steps: 3492/14042  24% | Samples: 3488/14042 | accuracy: 0.76 | vllm: 20/32 | HTTP retries: 8,699
Steps: 3506/14042  24% | Samples: 3489/14042 | accuracy: 0.76 | vllm: 13/32 | HTTP retries: 8,701
Steps: 3507/14042  24% | Samples: 3500/14042 | accuracy: 0.76 | vllm: 22/32 | HTTP retries: 8,709
Steps: 3509/14042  24% | Samples: 3508/14042 | accuracy: 0.76 | vllm: 30/32 | HTTP retries: 8,718
Steps: 3512/14042  25% | Samples: 3511/14042 | accuracy: 0.76 | vllm: 16/32 | HTTP retries: 8,728
Steps: 3531/14042  25% | Samples: 3513/14042 | accuracy: 0.76 | vllm:  7/32 | HTTP retries: 8,730
Steps: 3538/14042  25% | Samples: 3518/14042 | accuracy: 0.76 | vllm:  8/32 | HTTP retries: 8,731
[11/30/25 06:58:30] WARNING  Sample error (id: 3533, epoch: 1):       run.py:650
                             Connection error.). Sample will be                 
                             retried.                                           
Steps: 3539/14042  25% | Samples: 3522/14042 | accuracy: 0.76 | vllm:  3/32 | HTTP retries: 8,734
Steps: 3549/14042  25% | Samples: 3524/14042 | accuracy: 0.76 | vllm:  4/32 | HTTP retries: 8,734
Steps: 3550/14042  25% | Samples: 3535/14042 | accuracy: 0.76 | vllm: 14/32 | HTTP retries: 8,735
Steps: 3551/14042  25% | Samples: 3550/14042 | accuracy: 0.76 | vllm: 29/32 | HTTP retries: 8,746
Steps: 3578/14042  25% | Samples: 3552/14042 | accuracy: 0.76 | vllm:  5/32 | HTTP retries: 8,759
Steps: 3591/14042  25% | Samples: 3560/14042 | accuracy: 0.76 | vllm:  0/32 | HTTP retries: 8,762
Steps: 3595/14042  25% | Samples: 3592/14042 | accuracy: 0.76 | vllm: 27/32 | HTTP retries: 8,782
Steps: 3598/14042  25% | Samples: 3595/14042 | accuracy: 0.76 | vllm: 24/32 | HTTP retries: 8,788
Steps: 3608/14042  25% | Samples: 3597/14042 | accuracy: 0.76 | vllm: 16/32 | HTTP retries: 8,788
Steps: 3612/14042  25% | Samples: 3603/14042 | accuracy: 0.76 | vllm: 10/32 | HTTP retries: 8,800
Steps: 3626/14042  25% | Samples: 3607/14042 | accuracy: 0.76 | vllm: 10/32 | HTTP retries: 8,800
Steps: 3627/14042  25% | Samples: 3614/14042 | accuracy: 0.76 | vllm: 16/32 | HTTP retries: 8,801
Steps: 3628/14042  25% | Samples: 3619/14042 | accuracy: 0.76 | vllm: 20/32 | HTTP retries: 8,805
Steps: 3645/14042  25% | Samples: 3629/14042 | accuracy: 0.76 | vllm: 15/32 | HTTP retries: 8,820
Steps: 3646/14042  25% | Samples: 3638/14042 | accuracy: 0.76 | vllm: 23/32 | HTTP retries: 8,839
Steps: 3655/14042  26% | Samples: 3646/14042 | accuracy: 0.76 | vllm: 14/32 | HTTP retries: 8,841
Steps: 3661/14042  26% | Samples: 3648/14042 | accuracy: 0.76 | vllm: 17/32 | HTTP retries: 8,843
Steps: 3662/14042  26% | Samples: 3656/14042 | accuracy: 0.76 | vllm: 25/32 | HTTP retries: 8,857
Steps: 3680/14042  26% | Samples: 3663/14042 | accuracy: 0.76 | vllm: 12/32 | HTTP retries: 8,862
Steps: 3683/14042  26% | Samples: 3672/14042 | accuracy: 0.76 | vllm: 20/32 | HTTP retries: 8,871
Steps: 3691/14042  26% | Samples: 3680/14042 | accuracy: 0.76 | vllm: 11/32 | HTTP retries: 8,874
Steps: 3698/14042  26% | Samples: 3684/14042 | accuracy: 0.76 | vllm: 16/32 | HTTP retries: 8,874
Steps: 3699/14042  26% | Samples: 3693/14042 | accuracy: 0.76 | vllm: 25/32 | HTTP retries: 8,883
Steps: 3717/14042  26% | Samples: 3700/14042 | accuracy: 0.76 | vllm: 14/32 | HTTP retries: 8,890
Steps: 3732/14042  26% | Samples: 3709/14042 | accuracy: 0.76 | vllm:  7/32 | HTTP retries: 8,900
Steps: 3733/14042  26% | Samples: 3714/14042 | accuracy: 0.76 | vllm:  6/32 | HTTP retries: 8,900
Steps: 3739/14042  26% | Samples: 3719/14042 | accuracy: 0.76 | vllm:  9/32 | HTTP retries: 8,900
Steps: 3740/14042  26% | Samples: 3727/14042 | accuracy: 0.76 | vllm: 18/32 | HTTP retries: 8,905
Steps: 3753/14042  26% | Samples: 3735/14042 | accuracy: 0.76 | vllm: 12/32 | HTTP retries: 8,909
Steps: 3754/14042  26% | Samples: 3746/14042 | accuracy: 0.76 | vllm: 21/32 | HTTP retries: 8,915
Steps: 3767/14042  26% | Samples: 3755/14042 | accuracy: 0.76 | vllm: 16/32 | HTTP retries: 8,934
[11/30/25 07:04:18] WARNING  Sample error (id: 3762, epoch: 1):       run.py:650
                             Connection error.). Sample will be                 
                             retried.                                           
Steps: 3769/14042  26% | Samples: 3762/14042 | accuracy: 0.76 | vllm: 22/32 | HTTP retries: 8,945
Steps: 3778/14042  26% | Samples: 3770/14042 | accuracy: 0.76 | vllm: 23/32 | HTTP retries: 8,965
Steps: 3791/14042  26% | Samples: 3779/14042 | accuracy: 0.76 | vllm: 19/32 | HTTP retries: 8,975
Steps: 3803/14042  27% | Samples: 3792/14042 | accuracy: 0.76 | vllm:  3/32 | HTTP retries: 8,991
Steps: 3820/14042  27% | Samples: 3795/14042 | accuracy: 0.76 | vllm:  4/32 | HTTP retries: 8,991
Steps: 3821/14042  27% | Samples: 3801/14042 | accuracy: 0.76 | vllm: 11/32 | HTTP retries: 8,993
Steps: 3830/14042  27% | Samples: 3809/14042 | accuracy: 0.76 | vllm:  9/32 | HTTP retries: 8,994
Steps: 3831/14042  27% | Samples: 3817/14042 | accuracy: 0.76 | vllm: 15/32 | HTTP retries: 8,996
Steps: 3832/14042  27% | Samples: 3832/14042 | accuracy: 0.76 | vllm: 31/32 | HTTP retries: 9,021
Steps: 3853/14042  27% | Samples: 3833/14042 | accuracy: 0.76 | vllm: 11/32 | HTTP retries: 9,028
Steps: 3858/14042  27% | Samples: 3841/14042 | accuracy: 0.76 | vllm: 14/32 | HTTP retries: 9,039
Steps: 3861/14042  27% | Samples: 3848/14042 | accuracy: 0.76 | vllm: 16/32 | HTTP retries: 9,045
Steps: 3862/14042  27% | Samples: 3862/14042 | accuracy: 0.76 | vllm: 31/32 | HTTP retries: 9,059
Steps: 3878/14042  27% | Samples: 3863/14042 | accuracy: 0.76 | vllm: 16/32 | HTTP retries: 9,074
Steps: 3879/14042  27% | Samples: 3871/14042 | accuracy: 0.76 | vllm: 23/32 | HTTP retries: 9,080
Steps: 3883/14042  27% | Samples: 3877/14042 | accuracy: 0.76 | vllm: 21/32 | HTTP retries: 9,090
Steps: 3888/14042  27% | Samples: 3886/14042 | accuracy: 0.76 | vllm: 27/32 | HTTP retries: 9,091
Steps: 3907/14042  27% | Samples: 3889/14042 | accuracy: 0.76 | vllm:  5/32 | HTTP retries: 9,096
Steps: 3915/14042  27% | Samples: 3892/14042 | accuracy: 0.76 | vllm:  8/32 | HTTP retries: 9,096
Steps: 3928/14042  27% | Samples: 3899/14042 | accuracy: 0.76 | vllm:  2/32 | HTTP retries: 9,101
Steps: 3929/14042  27% | Samples: 3907/14042 | accuracy: 0.76 | vllm:  7/32 | HTTP retries: 9,102
Steps: 3945/14042  28% | Samples: 3930/14042 | accuracy: 0.76 | vllm:  6/32 | HTTP retries: 9,132
Steps: 3956/14042  28% | Samples: 3934/14042 | accuracy: 0.76 | vllm:  7/32 | HTTP retries: 9,132
Steps: 3957/14042  28% | Samples: 3941/14042 | accuracy: 0.76 | vllm: 13/32 | HTTP retries: 9,136
Steps: 3966/14042  28% | Samples: 3950/14042 | accuracy: 0.76 | vllm: 14/32 | HTTP retries: 9,137
Steps: 3997/14042  28% | Samples: 3967/14042 | accuracy: 0.76 | vllm:  1/32 | HTTP retries: 9,155
Steps: 4005/14042  28% | Samples: 3977/14042 | accuracy: 0.76 | vllm:  3/32 | HTTP retries: 9,158
Steps: 4008/14042  28% | Samples: 3988/14042 | accuracy: 0.76 | vllm:  9/32 | HTTP retries: 9,158
Steps: 4024/14042  28% | Samples: 4009/14042 | accuracy: 0.76 | vllm: 13/32 | HTTP retries: 9,188
Steps: 4030/14042  28% | Samples: 4015/14042 | accuracy: 0.76 | vllm: 16/32 | HTTP retries: 9,193
Steps: 4041/14042  28% | Samples: 4024/14042 | accuracy: 0.76 | vllm: 12/32 | HTTP retries: 9,195
Steps: 4042/14042  28% | Samples: 4039/14042 | accuracy: 0.76 | vllm: 28/32 | HTTP retries: 9,205
Steps: 4057/14042  28% | Samples: 4045/14042 | accuracy: 0.76 | vllm: 18/32 | HTTP retries: 9,223
Steps: 4059/14042  28% | Samples: 4050/14042 | accuracy: 0.76 | vllm: 19/32 | HTTP retries: 9,229
[11/30/25 07:11:42] WARNING  Sample error (id: 4051, epoch: 1):       run.py:650
                             Connection error.). Sample will be                 
                             retried.                                           
Steps: 4063/14042  28% | Samples: 4057/14042 | accuracy: 0.76 | vllm: 11/32 | HTTP retries: 9,233
Steps: 4077/14042  29% | Samples: 4060/14042 | accuracy: 0.76 | vllm: 11/32 | HTTP retries: 9,233
Steps: 4081/14042  29% | Samples: 4066/14042 | accuracy: 0.76 | vllm: 13/32 | HTTP retries: 9,235
Steps: 4083/14042  29% | Samples: 4071/14042 | accuracy: 0.76 | vllm: 19/32 | HTTP retries: 9,240
Steps: 4093/14042  29% | Samples: 4078/14042 | accuracy: 0.76 | vllm: 15/32 | HTTP retries: 9,248
Steps: 4094/14042  29% | Samples: 4093/14042 | accuracy: 0.76 | vllm: 30/32 | HTTP retries: 9,265
Steps: 4109/14042  29% | Samples: 4095/14042 | accuracy: 0.76 | vllm:  8/32 | HTTP retries: 9,276
Steps: 4118/14042  29% | Samples: 4099/14042 | accuracy: 0.76 | vllm: 10/32 | HTTP retries: 9,276
Steps: 4119/14042  29% | Samples: 4108/14042 | accuracy: 0.76 | vllm: 15/32 | HTTP retries: 9,284
Steps: 4122/14042  29% | Samples: 4111/14042 | accuracy: 0.76 | vllm:  7/32 | HTTP retries: 9,284
Steps: 4133/14042  29% | Samples: 4116/14042 | accuracy: 0.76 | vllm: 12/32 | HTTP retries: 9,284
Steps: 4148/14042  29% | Samples: 4134/14042 | accuracy: 0.76 | vllm: 17/32 | HTTP retries: 9,313
Steps: 4149/14042  29% | Samples: 4143/14042 | accuracy: 0.76 | vllm: 25/32 | HTTP retries: 9,332
Steps: 4158/14042  29% | Samples: 4150/14042 | accuracy: 0.76 | vllm: 18/32 | HTTP retries: 9,337
[11/30/25 07:14:05] WARNING  Sample error (id: 4166, epoch: 1):       run.py:650
                             Connection error.). Sample will be                 
                             retried.                                           
Steps: 4162/14042  29% | Samples: 4153/14042 | accuracy: 0.76 | vllm: 20/32 | HTTP retries: 9,339
Steps: 4163/14042  29% | Samples: 4158/14042 | accuracy: 0.76 | vllm: 24/32 | HTTP retries: 9,343
Steps: 4179/14042  29% | Samples: 4164/14042 | accuracy: 0.76 | vllm: 10/32 | HTTP retries: 9,353
Steps: 4186/14042  29% | Samples: 4173/14042 | accuracy: 0.76 | vllm: 18/32 | HTTP retries: 9,361
Steps: 4192/14042  29% | Samples: 4181/14042 | accuracy: 0.76 | vllm:  7/32 | HTTP retries: 9,361
Steps: 4203/14042  29% | Samples: 4184/14042 | accuracy: 0.76 | vllm: 10/32 | HTTP retries: 9,361
Steps: 4204/14042  29% | Samples: 4196/14042 | accuracy: 0.76 | vllm: 23/32 | HTTP retries: 9,370
Steps: 4216/14042  30% | Samples: 4204/14042 | accuracy: 0.76 | vllm: 15/32 | HTTP retries: 9,378
Steps: 4219/14042  30% | Samples: 4214/14042 | accuracy: 0.76 | vllm: 26/32 | HTTP retries: 9,388
Steps: 4234/14042  30% | Samples: 4220/14042 | accuracy: 0.76 | vllm: 11/32 | HTTP retries: 9,391
Steps: 4242/14042  30% | Samples: 4228/14042 | accuracy: 0.76 | vllm: 15/32 | HTTP retries: 9,398
Steps: 4250/14042  30% | Samples: 4234/14042 | accuracy: 0.76 | vllm: 14/32 | HTTP retries: 9,410
Steps: 4275/14042  30% | Samples: 4251/14042 | accuracy: 0.76 | vllm:  7/32 | HTTP retries: 9,432
Steps: 4277/14042  30% | Samples: 4259/14042 | accuracy: 0.76 | vllm: 11/32 | HTTP retries: 9,436
Steps: 4288/14042  30% | Samples: 4262/14042 | accuracy: 0.76 | vllm:  5/32 | HTTP retries: 9,443
Steps: 4290/14042  30% | Samples: 4271/14042 | accuracy: 0.76 | vllm: 10/32 | HTTP retries: 9,443
Steps: 4291/14042  30% | Samples: 4280/14042 | accuracy: 0.76 | vllm: 18/32 | HTTP retries: 9,446
Steps: 4292/14042  30% | Samples: 4288/14042 | accuracy: 0.76 | vllm: 25/32 | HTTP retries: 9,454
Steps: 4309/14042  30% | Samples: 4293/14042 | accuracy: 0.76 | vllm: 15/32 | HTTP retries: 9,477
[11/30/25 07:18:07] WARNING  Sample error (id: 4277, epoch: 1):       run.py:650
                             Connection error.). Sample will be                 
                             retried.                                           
Steps: 4310/14042  30% | Samples: 4298/14042 | accuracy: 0.76 | vllm: 16/32 | HTTP retries: 9,477
[11/30/25 07:18:14] WARNING  Sample error (id: 4303, epoch: 1):       run.py:650
                             Connection error.). Sample will be                 
                             retried.                                           
Steps: 4311/14042  30% | Samples: 4307/14042 | accuracy: 0.76 | vllm: 15/32 | HTTP retries: 9,488
Steps: 4321/14042  30% | Samples: 4311/14042 | accuracy: 0.76 | vllm: 19/32 | HTTP retries: 9,488
[11/30/25 07:18:34] WARNING  Sample error (id: 4318, epoch: 1):       run.py:650
                             Connection error.). Sample will be                 
                             retried.                                           
Steps: 4322/14042  30% | Samples: 4317/14042 | accuracy: 0.76 | vllm: 24/32 | HTTP retries: 9,492
Steps: 4331/14042  30% | Samples: 4323/14042 | accuracy: 0.76 | vllm: 14/32 | HTTP retries: 9,507
Steps: 4342/14042  30% | Samples: 4327/14042 | accuracy: 0.76 | vllm: 13/32 | HTTP retries: 9,508
Steps: 4344/14042  30% | Samples: 4331/14042 | accuracy: 0.76 | vllm: 11/32 | HTTP retries: 9,509
Steps: 4349/14042  30% | Samples: 4335/14042 | accuracy: 0.76 | vllm:  9/32 | HTTP retries: 9,516
Steps: 4356/14042  31% | Samples: 4340/14042 | accuracy: 0.76 | vllm: 15/32 | HTTP retries: 9,518
Steps: 4359/14042  31% | Samples: 4357/14042 | accuracy: 0.76 | vllm: 29/32 | HTTP retries: 9,536
Steps: 4367/14042  31% | Samples: 4360/14042 | accuracy: 0.76 | vllm: 20/32 | HTTP retries: 9,549
Steps: 4372/14042  31% | Samples: 4362/14042 | accuracy: 0.76 | vllm: 15/32 | HTTP retries: 9,550
[11/30/25 07:19:56] WARNING  Sample error (id: 4375, epoch: 1):       run.py:650
                             Connection error.). Sample will be                 
                             retried.                                           
Steps: 4377/14042  31% | Samples: 4367/14042 | accuracy: 0.76 | vllm: 20/32 | HTTP retries: 9,558
Steps: 4393/14042  31% | Samples: 4371/14042 | accuracy: 0.76 | vllm:  9/32 | HTTP retries: 9,561
Steps: 4407/14042  31% | Samples: 4394/14042 | accuracy: 0.76 | vllm: 15/32 | HTTP retries: 9,580
Steps: 4411/14042  31% | Samples: 4402/14042 | accuracy: 0.76 | vllm: 19/32 | HTTP retries: 9,585
Steps: 4416/14042  31% | Samples: 4403/14042 | accuracy: 0.76 | vllm: 14/32 | HTTP retries: 9,592
Steps: 4421/14042  31% | Samples: 4407/14042 | accuracy: 0.76 | vllm:  8/32 | HTTP retries: 9,593
Steps: 4432/14042  31% | Samples: 4412/14042 | accuracy: 0.76 | vllm:  8/32 | HTTP retries: 9,594
Steps: 4433/14042  31% | Samples: 4420/14042 | accuracy: 0.76 | vllm: 16/32 | HTTP retries: 9,596
Steps: 4456/14042  31% | Samples: 4434/14042 | accuracy: 0.76 | vllm:  9/32 | HTTP retries: 9,603
Steps: 4457/14042  31% | Samples: 4447/14042 | accuracy: 0.76 | vllm:  5/32 | HTTP retries: 9,612
Steps: 4471/14042  31% | Samples: 4450/14042 | accuracy: 0.76 | vllm:  6/32 | HTTP retries: 9,612
Steps: 4473/14042  31% | Samples: 4456/14042 | accuracy: 0.76 | vllm: 12/32 | HTTP retries: 9,612
Steps: 4474/14042  31% | Samples: 4472/14042 | accuracy: 0.76 | vllm: 27/32 | HTTP retries: 9,629
Steps: 4483/14042  31% | Samples: 4475/14042 | accuracy: 0.76 | vllm: 22/32 | HTTP retries: 9,635
Steps: 4489/14042  31% | Samples: 4477/14042 | accuracy: 0.76 | vllm: 17/32 | HTTP retries: 9,639
Steps: 4494/14042  32% | Samples: 4483/14042 | accuracy: 0.76 | vllm: 20/32 | HTTP retries: 9,644
Steps: 4506/14042  32% | Samples: 4488/14042 | accuracy: 0.76 | vllm:  6/32 | HTTP retries: 9,645
[11/30/25 07:23:12] WARNING  Sample error (id: 4510, epoch: 1):       run.py:650
                             Connection error.). Sample will be                 
                             retried.                                           
Steps: 4512/14042  32% | Samples: 4490/14042 | accuracy: 0.76 | vllm:  7/32 | HTTP retries: 9,645
Steps: 4513/14042  32% | Samples: 4500/14042 | accuracy: 0.76 | vllm: 16/32 | HTTP retries: 9,648
Steps: 4515/14042  32% | Samples: 4504/14042 | accuracy: 0.76 | vllm: 18/32 | HTTP retries: 9,659
Steps: 4521/14042  32% | Samples: 4508/14042 | accuracy: 0.76 | vllm: 13/32 | HTTP retries: 9,660
Steps: 4525/14042  32% | Samples: 4516/14042 | accuracy: 0.76 | vllm: 11/32 | HTTP retries: 9,660
Steps: 4534/14042  32% | Samples: 4520/14042 | accuracy: 0.76 | vllm: 15/32 | HTTP retries: 9,661
Steps: 4555/14042  32% | Samples: 4533/14042 | accuracy: 0.76 | vllm:  7/32 | HTTP retries: 9,668
Steps: 4556/14042  32% | Samples: 4540/14042 | accuracy: 0.76 | vllm: 13/32 | HTTP retries: 9,671
Steps: 4569/14042  32% | Samples: 4544/14042 | accuracy: 0.76 | vllm:  4/32 | HTTP retries: 9,676
Steps: 4571/14042  32% | Samples: 4548/14042 | accuracy: 0.76 | vllm:  5/32 | HTTP retries: 9,676
Steps: 4574/14042  32% | Samples: 4555/14042 | accuracy: 0.76 | vllm: 10/32 | HTTP retries: 9,676
Steps: 4582/14042  32% | Samples: 4575/14042 | accuracy: 0.76 | vllm: 24/32 | HTTP retries: 9,715
Steps: 4583/14042  32% | Samples: 4582/14042 | accuracy: 0.76 | vllm: 27/32 | HTTP retries: 9,722
Steps: 4589/14042  32% | Samples: 4585/14042 | accuracy: 0.76 | vllm: 25/32 | HTTP retries: 9,729
Steps: 4595/14042  32% | Samples: 4593/14042 | accuracy: 0.76 | vllm: 28/32 | HTTP retries: 9,738
Steps: 4605/14042  32% | Samples: 4596/14042 | accuracy: 0.76 | vllm: 22/32 | HTTP retries: 9,738
Steps: 4611/14042  32% | Samples: 4597/14042 | accuracy: 0.76 | vllm: 14/32 | HTTP retries: 9,741
Steps: 4620/14042  32% | Samples: 4604/14042 | accuracy: 0.76 | vllm:  4/32 | HTTP retries: 9,749
Steps: 4631/14042  32% | Samples: 4608/14042 | accuracy: 0.76 | vllm:  5/32 | HTTP retries: 9,749
Steps: 4633/14042  32% | Samples: 4613/14042 | accuracy: 0.76 | vllm:  8/32 | HTTP retries: 9,750
Steps: 4634/14042  33% | Samples: 4621/14042 | accuracy: 0.76 | vllm: 16/32 | HTTP retries: 9,751
Steps: 4651/14042  33% | Samples: 4635/14042 | accuracy: 0.76 | vllm: 14/32 | HTTP retries: 9,763
Steps: 4653/14042  33% | Samples: 4644/14042 | accuracy: 0.76 | vllm: 20/32 | HTTP retries: 9,774
Steps: 4655/14042  33% | Samples: 4646/14042 | accuracy: 0.76 | vllm:  5/32 | HTTP retries: 9,774
Steps: 4669/14042  33% | Samples: 4648/14042 | accuracy: 0.76 | vllm:  7/32 | HTTP retries: 9,774
Steps: 4673/14042  33% | Samples: 4652/14042 | accuracy: 0.76 | vllm:  6/32 | HTTP retries: 9,774
Steps: 4675/14042  33% | Samples: 4660/14042 | accuracy: 0.76 | vllm: 14/32 | HTTP retries: 9,774
Steps: 4690/14042  33% | Samples: 4662/14042 | accuracy: 0.76 | vllm:  3/32 | HTTP retries: 9,779
Steps: 4692/14042  33% | Samples: 4676/14042 | accuracy: 0.76 | vllm: 12/32 | HTTP retries: 9,780
Steps: 4693/14042  33% | Samples: 4685/14042 | accuracy: 0.76 | vllm: 21/32 | HTTP retries: 9,781
Steps: 4709/14042  33% | Samples: 4694/14042 | accuracy: 0.76 | vllm:  2/32 | HTTP retries: 9,799
Steps: 4723/14042  33% | Samples: 4695/14042 | accuracy: 0.76 | vllm:  2/32 | HTTP retries: 9,799
Steps: 4734/14042  33% | Samples: 4703/14042 | accuracy: 0.76 | vllm:  0/32 | HTTP retries: 9,799
Steps: 4737/14042  33% | Samples: 4735/14042 | accuracy: 0.76 | vllm: 29/32 | HTTP retries: 9,816
Steps: 4742/14042  33% | Samples: 4738/14042 | accuracy: 0.76 | vllm: 25/32 | HTTP retries: 9,827
Steps: 4749/14042  33% | Samples: 4741/14042 | accuracy: 0.76 | vllm: 19/32 | HTTP retries: 9,827
Steps: 4758/14042  33% | Samples: 4744/14042 | accuracy: 0.76 | vllm: 15/32 | HTTP retries: 9,827
Steps: 4760/14042  33% | Samples: 4749/14042 | accuracy: 0.76 | vllm: 18/32 | HTTP retries: 9,832
Steps: 4783/14042  34% | Samples: 4761/14042 | accuracy: 0.76 | vllm:  9/32 | HTTP retries: 9,842
Steps: 4798/14042  34% | Samples: 4778/14042 | accuracy: 0.76 | vllm:  8/32 | HTTP retries: 9,853
Steps: 4799/14042  34% | Samples: 4784/14042 | accuracy: 0.76 | vllm: 14/32 | HTTP retries: 9,853
Steps: 4817/14042  34% | Samples: 4800/14042 | accuracy: 0.76 | vllm: 11/32 | HTTP retries: 9,864
Steps: 4820/14042  34% | Samples: 4807/14042 | accuracy: 0.76 | vllm: 16/32 | HTTP retries: 9,869
Steps: 4837/14042  34% | Samples: 4817/14042 | accuracy: 0.76 | vllm:  9/32 | HTTP retries: 9,875
Steps: 4838/14042  34% | Samples: 4821/14042 | accuracy: 0.76 | vllm: 14/32 | HTTP retries: 9,877
Steps: 4845/14042  34% | Samples: 4837/14042 | accuracy: 0.76 | vllm: 19/32 | HTTP retries: 9,898
Steps: 4853/14042  34% | Samples: 4840/14042 | accuracy: 0.76 | vllm: 17/32 | HTTP retries: 9,898
Steps: 4869/14042  34% | Samples: 4854/14042 | accuracy: 0.76 | vllm: 14/32 | HTTP retries: 9,921
Steps: 4872/14042  34% | Samples: 4863/14042 | accuracy: 0.76 | vllm: 22/32 | HTTP retries: 9,936
Steps: 4881/14042  34% | Samples: 4872/14042 | accuracy: 0.76 | vllm: 17/32 | HTTP retries: 9,941
Steps: 4884/14042  34% | Samples: 4878/14042 | accuracy: 0.76 | vllm: 23/32 | HTTP retries: 9,943
Steps: 4914/14042  34% | Samples: 4886/14042 | accuracy: 0.76 | vllm:  3/32 | HTTP retries: 9,962
Steps: 4925/14042  35% | Samples: 4894/14042 | accuracy: 0.76 | vllm:  0/32 | HTTP retries: 9,964
Steps: 4941/14042  35% | Samples: 4926/14042 | accuracy: 0.76 | vllm: 12/32 | HTTP retries: 9,997
Steps: 4945/14042  35% | Samples: 4927/14042 | accuracy: 0.76 | vllm: 12/32 | HTTP retries: 9,997
Steps: 4947/14042  35% | Samples: 4935/14042 | accuracy: 0.76 | vllm: 19/32 | HTTP retries: 10,004
Steps: 4960/14042  35% | Samples: 4943/14042 | accuracy: 0.76 | vllm: 12/32 | HTTP retries: 10,005
Steps: 4961/14042  35% | Samples: 4956/14042 | accuracy: 0.76 | vllm: 24/32 | HTTP retries: 10,014
Steps: 4978/14042  35% | Samples: 4962/14042 | accuracy: 0.76 | vllm: 11/32 | HTTP retries: 10,023
Steps: 4982/14042  35% | Samples: 4968/14042 | accuracy: 0.76 | vllm: 15/32 | HTTP retries: 10,033
Steps: 4987/14042  35% | Samples: 4978/14042 | accuracy: 0.76 | vllm: 15/32 | HTTP retries: 10,043
Steps: 4992/14042  35% | Samples: 4981/14042 | accuracy: 0.76 | vllm: 17/32 | HTTP retries: 10,043
Steps: 4993/14042  35% | Samples: 4989/14042 | accuracy: 0.76 | vllm: 25/32 | HTTP retries: 10,050
Steps: 5019/14042  35% | Samples: 4995/14042 | accuracy: 0.76 | vllm:  7/32 | HTTP retries: 10,071
Steps: 5020/14042  35% | Samples: 5002/14042 | accuracy: 0.76 | vllm: 11/32 | HTTP retries: 10,074
Steps: 5034/14042  35% | Samples: 5003/14042 | accuracy: 0.76 | vllm:  0/32 | HTTP retries: 10,074
Steps: 5043/14042  35% | Samples: 5035/14042 | accuracy: 0.76 | vllm: 13/32 | HTTP retries: 10,101
Steps: 5054/14042  35% | Samples: 5039/14042 | accuracy: 0.76 | vllm: 13/32 | HTTP retries: 10,101
Steps: 5055/14042  35% | Samples: 5043/14042 | accuracy: 0.76 | vllm: 17/32 | HTTP retries: 10,102
Steps: 5060/14042  36% | Samples: 5052/14042 | accuracy: 0.76 | vllm: 10/32 | HTTP retries: 10,117
Steps: 5071/14042  36% | Samples: 5055/14042 | accuracy: 0.76 | vllm: 13/32 | HTTP retries: 10,117
Steps: 5079/14042  36% | Samples: 5072/14042 | accuracy: 0.76 | vllm: 17/32 | HTTP retries: 10,143
Steps: 5084/14042  36% | Samples: 5073/14042 | accuracy: 0.76 | vllm: 16/32 | HTTP retries: 10,143
[11/30/25 07:39:25] WARNING  Sample error (id: 5065, epoch: 1):       run.py:650
                             Connection error.). Sample will be                 
                             retried.                                           
Steps: 5087/14042  36% | Samples: 5076/14042 | accuracy: 0.76 | vllm: 18/32 | HTTP retries: 10,144
Steps: 5092/14042  36% | Samples: 5087/14042 | accuracy: 0.76 | vllm: 21/32 | HTTP retries: 10,157
Steps: 5102/14042  36% | Samples: 5089/14042 | accuracy: 0.76 | vllm: 16/32 | HTTP retries: 10,162
Steps: 5104/14042  36% | Samples: 5097/14042 | accuracy: 0.76 | vllm: 24/32 | HTTP retries: 10,173
Steps: 5107/14042  36% | Samples: 5104/14042 | accuracy: 0.76 | vllm: 14/32 | HTTP retries: 10,178
Steps: 5121/14042  36% | Samples: 5105/14042 | accuracy: 0.76 | vllm: 15/32 | HTTP retries: 10,178
Steps: 5141/14042  36% | Samples: 5122/14042 | accuracy: 0.76 | vllm: 12/32 | HTTP retries: 10,195
Steps: 5148/14042  36% | Samples: 5131/14042 | accuracy: 0.76 | vllm: 10/32 | HTTP retries: 10,205
Steps: 5157/14042  36% | Samples: 5136/14042 | accuracy: 0.76 | vllm:  7/32 | HTTP retries: 10,205
Steps: 5158/14042  36% | Samples: 5141/14042 | accuracy: 0.76 | vllm: 12/32 | HTTP retries: 10,206
Steps: 5164/14042  36% | Samples: 5158/14042 | accuracy: 0.76 | vllm: 16/32 | HTTP retries: 10,220
Steps: 5175/14042  36% | Samples: 5159/14042 | accuracy: 0.76 | vllm: 14/32 | HTTP retries: 10,220
Steps: 5176/14042  36% | Samples: 5167/14042 | accuracy: 0.76 | vllm: 20/32 | HTTP retries: 10,229
Steps: 5177/14042  36% | Samples: 5170/14042 | accuracy: 0.76 | vllm: 22/32 | HTTP retries: 10,237
Steps: 5181/14042  36% | Samples: 5176/14042 | accuracy: 0.76 | vllm: 20/32 | HTTP retries: 10,244
Steps: 5186/14042  36% | Samples: 5182/14042 | accuracy: 0.76 | vllm: 25/32 | HTTP retries: 10,250
Steps: 5211/14042  37% | Samples: 5187/14042 | accuracy: 0.76 | vllm:  6/32 | HTTP retries: 10,266
Steps: 5213/14042  37% | Samples: 5196/14042 | accuracy: 0.76 | vllm: 12/32 | HTTP retries: 10,267
Steps: 5221/14042  37% | Samples: 5203/14042 | accuracy: 0.76 | vllm: 10/32 | HTTP retries: 10,275
Steps: 5223/14042  37% | Samples: 5210/14042 | accuracy: 0.76 | vllm: 15/32 | HTTP retries: 10,275
Steps: 5224/14042  37% | Samples: 5215/14042 | accuracy: 0.76 | vllm: 20/32 | HTTP retries: 10,281
Steps: 5240/14042  37% | Samples: 5225/14042 | accuracy: 0.76 | vllm: 14/32 | HTTP retries: 10,302
Steps: 5251/14042  37% | Samples: 5227/14042 | accuracy: 0.76 | vllm:  6/32 | HTTP retries: 10,302
Steps: 5263/14042  37% | Samples: 5234/14042 | accuracy: 0.76 | vllm:  2/32 | HTTP retries: 10,307
Steps: 5264/14042  37% | Samples: 5241/14042 | accuracy: 0.76 | vllm:  5/32 | HTTP retries: 10,307
Steps: 5265/14042  37% | Samples: 5250/14042 | accuracy: 0.76 | vllm: 14/32 | HTTP retries: 10,307
Steps: 5266/14042  37% | Samples: 5266/14042 | accuracy: 0.76 | vllm: 31/32 | HTTP retries: 10,335
Steps: 5291/14042  37% | Samples: 5267/14042 | accuracy: 0.76 | vllm:  7/32 | HTTP retries: 10,339
Steps: 5292/14042  37% | Samples: 5274/14042 | accuracy: 0.76 | vllm: 13/32 | HTTP retries: 10,345
Steps: 5293/14042  37% | Samples: 5278/14042 | accuracy: 0.76 | vllm: 11/32 | HTTP retries: 10,346
Steps: 5303/14042  37% | Samples: 5282/14042 | accuracy: 0.76 | vllm:  8/32 | HTTP retries: 10,346
Steps: 5304/14042  37% | Samples: 5289/14042 | accuracy: 0.76 | vllm: 14/32 | HTTP retries: 10,346
Steps: 5320/14042  37% | Samples: 5305/14042 | accuracy: 0.76 | vllm:  6/32 | HTTP retries: 10,375
Steps: 5334/14042  37% | Samples: 5306/14042 | accuracy: 0.76 | vllm:  3/32 | HTTP retries: 10,378
Steps: 5335/14042  37% | Samples: 5311/14042 | accuracy: 0.76 | vllm:  7/32 | HTTP retries: 10,379
Steps: 5336/14042  38% | Samples: 5322/14042 | accuracy: 0.76 | vllm: 15/32 | HTTP retries: 10,380
Steps: 5339/14042  38% | Samples: 5328/14042 | accuracy: 0.76 | vllm: 18/32 | HTTP retries: 10,380
Steps: 5342/14042  38% | Samples: 5340/14042 | accuracy: 0.76 | vllm: 28/32 | HTTP retries: 10,394
Steps: 5365/14042  38% | Samples: 5343/14042 | accuracy: 0.76 | vllm:  9/32 | HTTP retries: 10,405
Steps: 5376/14042  38% | Samples: 5345/14042 | accuracy: 0.76 | vllm:  0/32 | HTTP retries: 10,406
Steps: 5392/14042  38% | Samples: 5377/14042 | accuracy: 0.76 | vllm: 11/32 | HTTP retries: 10,434
Steps: 5398/14042  38% | Samples: 5385/14042 | accuracy: 0.76 | vllm: 15/32 | HTTP retries: 10,434
[11/30/25 07:48:12] WARNING  Sample error (id: 5390, epoch: 1):       run.py:650
                             Connection error.). Sample will be                 
                             retried.                                           
Steps: 5405/14042  38% | Samples: 5393/14042 | accuracy: 0.76 | vllm: 16/32 | HTTP retries: 10,445
Steps: 5406/14042  38% | Samples: 5397/14042 | accuracy: 0.76 | vllm: 20/32 | HTTP retries: 10,445
Steps: 5422/14042  38% | Samples: 5407/14042 | accuracy: 0.76 | vllm: 16/32 | HTTP retries: 10,468
Steps: 5423/14042  38% | Samples: 5415/14042 | accuracy: 0.76 | vllm: 20/32 | HTTP retries: 10,468
Steps: 5425/14042  38% | Samples: 5420/14042 | accuracy: 0.76 | vllm: 26/32 | HTTP retries: 10,484
Steps: 5428/14042  38% | Samples: 5426/14042 | accuracy: 0.76 | vllm: 29/32 | HTTP retries: 10,491
Steps: 5435/14042  38% | Samples: 5429/14042 | accuracy: 0.76 | vllm: 21/32 | HTTP retries: 10,498
Steps: 5440/14042  38% | Samples: 5430/14042 | accuracy: 0.76 | vllm: 13/32 | HTTP retries: 10,501
Steps: 5448/14042  38% | Samples: 5434/14042 | accuracy: 0.76 | vllm: 17/32 | HTTP retries: 10,511
Steps: 5460/14042  38% | Samples: 5437/14042 | accuracy: 0.76 | vllm:  8/32 | HTTP retries: 10,511
Steps: 5464/14042  38% | Samples: 5443/14042 | accuracy: 0.76 | vllm:  8/32 | HTTP retries: 10,512
Steps: 5476/14042  38% | Samples: 5465/14042 | accuracy: 0.76 | vllm: 19/32 | HTTP retries: 10,536
Steps: 5478/14042  39% | Samples: 5473/14042 | accuracy: 0.76 | vllm: 24/32 | HTTP retries: 10,550
Steps: 5496/14042  39% | Samples: 5479/14042 | accuracy: 0.76 | vllm:  9/32 | HTTP retries: 10,554
Steps: 5503/14042  39% | Samples: 5487/14042 | accuracy: 0.76 | vllm: 13/32 | HTTP retries: 10,555
Steps: 5507/14042  39% | Samples: 5488/14042 | accuracy: 0.76 | vllm:  2/32 | HTTP retries: 10,561
Steps: 5517/14042  39% | Samples: 5492/14042 | accuracy: 0.76 | vllm:  3/32 | HTTP retries: 10,561
[11/30/25 07:51:21] WARNING  Sample error (id: 5518, epoch: 1):       run.py:650
                             Connection error.). Sample will be                 
                             retried.                                           
Steps: 5524/14042  39% | Samples: 5518/14042 | accuracy: 0.76 | vllm: 24/32 | HTTP retries: 10,593
Steps: 5525/14042  39% | Samples: 5525/14042 | accuracy: 0.76 | vllm: 28/32 | HTTP retries: 10,594
Steps: 5538/14042  39% | Samples: 5526/14042 | accuracy: 0.76 | vllm: 17/32 | HTTP retries: 10,598
Steps: 5540/14042  39% | Samples: 5532/14042 | accuracy: 0.76 | vllm: 22/32 | HTTP retries: 10,606
Steps: 5543/14042  39% | Samples: 5541/14042 | accuracy: 0.76 | vllm: 19/32 | HTTP retries: 10,623
Steps: 5553/14042  39% | Samples: 5542/14042 | accuracy: 0.76 | vllm: 13/32 | HTTP retries: 10,629
Steps: 5560/14042  39% | Samples: 5545/14042 | accuracy: 0.76 | vllm: 12/32 | HTTP retries: 10,629
Steps: 5565/14042  39% | Samples: 5550/14042 | accuracy: 0.76 | vllm: 16/32 | HTTP retries: 10,632
Steps: 5568/14042  39% | Samples: 5554/14042 | accuracy: 0.76 | vllm:  9/32 | HTTP retries: 10,636
Steps: 5577/14042  39% | Samples: 5558/14042 | accuracy: 0.76 | vllm: 11/32 | HTTP retries: 10,638
Steps: 5588/14042  39% | Samples: 5578/14042 | accuracy: 0.76 | vllm: 16/32 | HTTP retries: 10,659
Steps: 5593/14042  39% | Samples: 5583/14042 | accuracy: 0.76 | vllm: 17/32 | HTTP retries: 10,663
Steps: 5595/14042  39% | Samples: 5590/14042 | accuracy: 0.76 | vllm: 16/32 | HTTP retries: 10,674
Steps: 5605/14042  39% | Samples: 5593/14042 | accuracy: 0.76 | vllm:  7/32 | HTTP retries: 10,674
Steps: 5615/14042  39% | Samples: 5596/14042 | accuracy: 0.76 | vllm: 12/32 | HTTP retries: 10,674
Steps: 5622/14042  40% | Samples: 5614/14042 | accuracy: 0.76 | vllm: 14/32 | HTTP retries: 10,686
Steps: 5629/14042  40% | Samples: 5616/14042 | accuracy: 0.76 | vllm: 16/32 | HTTP retries: 10,692
Steps: 5631/14042  40% | Samples: 5625/14042 | accuracy: 0.76 | vllm: 25/32 | HTTP retries: 10,698
Steps: 5654/14042  40% | Samples: 5632/14042 | accuracy: 0.76 | vllm:  9/32 | HTTP retries: 10,702
Steps: 5668/14042  40% | Samples: 5649/14042 | accuracy: 0.76 | vllm: 10/32 | HTTP retries: 10,711
Steps: 5669/14042  40% | Samples: 5655/14042 | accuracy: 0.76 | vllm: 15/32 | HTTP retries: 10,712
Steps: 5689/14042  40% | Samples: 5670/14042 | accuracy: 0.76 | vllm: 11/32 | HTTP retries: 10,727
Steps: 5690/14042  40% | Samples: 5678/14042 | accuracy: 0.76 | vllm: 17/32 | HTTP retries: 10,734
Steps: 5705/14042  40% | Samples: 5689/14042 | accuracy: 0.76 | vllm: 12/32 | HTTP retries: 10,739
Steps: 5707/14042  40% | Samples: 5694/14042 | accuracy: 0.76 | vllm: 16/32 | HTTP retries: 10,740
Steps: 5715/14042  40% | Samples: 5711/14042 | accuracy: 0.76 | vllm: 25/32 | HTTP retries: 10,773
Steps: 5745/14042  40% | Samples: 5717/14042 | accuracy: 0.76 | vllm:  3/32 | HTTP retries: 10,788
Steps: 5748/14042  40% | Samples: 5722/14042 | accuracy: 0.76 | vllm:  5/32 | HTTP retries: 10,788
Steps: 5750/14042  40% | Samples: 5729/14042 | accuracy: 0.76 | vllm:  8/32 | HTTP retries: 10,789
Steps: 5751/14042  40% | Samples: 5735/14042 | accuracy: 0.76 | vllm: 13/32 | HTTP retries: 10,789
Steps: 5752/14042  40% | Samples: 5740/14042 | accuracy: 0.76 | vllm: 17/32 | HTTP retries: 10,791
Steps: 5778/14042  41% | Samples: 5753/14042 | accuracy: 0.76 | vllm:  6/32 | HTTP retries: 10,816
Steps: 5788/14042  41% | Samples: 5758/14042 | accuracy: 0.76 | vllm:  1/32 | HTTP retries: 10,819
Steps: 5789/14042  41% | Samples: 5769/14042 | accuracy: 0.76 | vllm:  9/32 | HTTP retries: 10,819
Steps: 5805/14042  41% | Samples: 5790/14042 | accuracy: 0.76 | vllm: 11/32 | HTTP retries: 10,855
Steps: 5811/14042  41% | Samples: 5795/14042 | accuracy: 0.76 | vllm: 13/32 | HTTP retries: 10,855
Steps: 5813/14042  41% | Samples: 5799/14042 | accuracy: 0.76 | vllm: 17/32 | HTTP retries: 10,863
Steps: 5819/14042  41% | Samples: 5809/14042 | accuracy: 0.76 | vllm: 19/32 | HTTP retries: 10,866
Steps: 5820/14042  41% | Samples: 5814/14042 | accuracy: 0.76 | vllm: 23/32 | HTTP retries: 10,866
Steps: 5835/14042  41% | Samples: 5821/14042 | accuracy: 0.76 | vllm: 14/32 | HTTP retries: 10,900
Steps: 5851/14042  41% | Samples: 5823/14042 | accuracy: 0.76 | vllm:  3/32 | HTTP retries: 10,901
Steps: 5854/14042  41% | Samples: 5828/14042 | accuracy: 0.76 | vllm:  4/32 | HTTP retries: 10,901
Steps: 5856/14042  41% | Samples: 5855/14042 | accuracy: 0.76 | vllm: 29/32 | HTTP retries: 10,917
Steps: 5861/14042  41% | Samples: 5858/14042 | accuracy: 0.76 | vllm: 26/32 | HTTP retries: 10,926
[11/30/25 08:01:31] WARNING  Sample error (id: 5872, epoch: 1):       run.py:650
                             Connection error.). Sample will be                 
                             retried.                                           
Steps: 5862/14042  41% | Samples: 5862/14042 | accuracy: 0.76 | vllm: 30/32 | HTTP retries: 10,939
Steps: 5868/14042  41% | Samples: 5866/14042 | accuracy: 0.76 | vllm: 27/32 | HTTP retries: 10,952
Steps: 5888/14042  41% | Samples: 5868/14042 | accuracy: 0.76 | vllm: 10/32 | HTTP retries: 10,953
Steps: 5889/14042  41% | Samples: 5874/14042 | accuracy: 0.76 | vllm: 14/32 | HTTP retries: 10,962
Steps: 5896/14042  41% | Samples: 5887/14042 | accuracy: 0.76 | vllm: 19/32 | HTTP retries: 10,972
Steps: 5897/14042  41% | Samples: 5893/14042 | accuracy: 0.76 | vllm: 25/32 | HTTP retries: 10,980
Steps: 5924/14042  42% | Samples: 5899/14042 | accuracy: 0.76 | vllm:  6/32 | HTTP retries: 10,996
Steps: 5926/14042  42% | Samples: 5906/14042 | accuracy: 0.76 | vllm:  9/32 | HTTP retries: 11,000
Steps: 5931/14042  42% | Samples: 5917/14042 | accuracy: 0.76 | vllm: 15/32 | HTTP retries: 11,000
Steps: 5949/14042  42% | Samples: 5932/14042 | accuracy: 0.76 | vllm:  9/32 | HTTP retries: 11,030
Steps: 5956/14042  42% | Samples: 5936/14042 | accuracy: 0.76 | vllm: 11/32 | HTTP retries: 11,037
Steps: 5963/14042  42% | Samples: 5946/14042 | accuracy: 0.76 | vllm: 12/32 | HTTP retries: 11,037
Steps: 5983/14042  42% | Samples: 5964/14042 | accuracy: 0.76 | vllm: 12/32 | HTTP retries: 11,067
Steps: 5992/14042  42% | Samples: 5973/14042 | accuracy: 0.76 | vllm: 12/32 | HTTP retries: 11,076
Steps: 5998/14042  42% | Samples: 5981/14042 | accuracy: 0.76 | vllm: 11/32 | HTTP retries: 11,079
Steps: 5999/14042  42% | Samples: 5986/14042 | accuracy: 0.76 | vllm: 16/32 | HTTP retries: 11,079
Steps: 6024/14042  42% | Samples: 6000/14042 | accuracy: 0.76 | vllm:  7/32 | HTTP retries: 11,105
Steps: 6033/14042  42% | Samples: 6002/14042 | accuracy: 0.76 | vllm:  0/32 | HTTP retries: 11,108
Steps: 6048/14042  43% | Samples: 6034/14042 | accuracy: 0.76 | vllm:  4/32 | HTTP retries: 11,133
Steps: 6061/14042  43% | Samples: 6035/14042 | accuracy: 0.76 | vllm:  5/32 | HTTP retries: 11,133
Steps: 6072/14042  43% | Samples: 6043/14042 | accuracy: 0.76 | vllm:  2/32 | HTTP retries: 11,138
Steps: 6073/14042  43% | Samples: 6058/14042 | accuracy: 0.76 | vllm: 14/32 | HTTP retries: 11,139
Steps: 6093/14042  43% | Samples: 6074/14042 | accuracy: 0.76 | vllm: 12/32 | HTTP retries: 11,169
Steps: 6100/14042  43% | Samples: 6083/14042 | accuracy: 0.76 | vllm: 11/32 | HTTP retries: 11,179
Steps: 6104/14042  43% | Samples: 6087/14042 | accuracy: 0.76 | vllm:  9/32 | HTTP retries: 11,179
Steps: 6107/14042  43% | Samples: 6093/14042 | accuracy: 0.76 | vllm: 14/32 | HTTP retries: 11,180
Steps: 6108/14042  43% | Samples: 6097/14042 | accuracy: 0.76 | vllm: 18/32 | HTTP retries: 11,180
Steps: 6124/14042  43% | Samples: 6109/14042 | accuracy: 0.76 | vllm: 16/32 | HTTP retries: 11,214
Steps: 6140/14042  43% | Samples: 6110/14042 | accuracy: 0.76 | vllm:  0/32 | HTTP retries: 11,214
Steps: 6141/14042  43% | Samples: 6117/14042 | accuracy: 0.76 | vllm:  5/32 | HTTP retries: 11,214
Steps: 6164/14042  43% | Samples: 6142/14042 | accuracy: 0.76 | vllm:  9/32 | HTTP retries: 11,243
Steps: 6165/14042  43% | Samples: 6151/14042 | accuracy: 0.76 | vllm: 17/32 | HTTP retries: 11,252
Steps: 6171/14042  43% | Samples: 6158/14042 | accuracy: 0.76 | vllm: 15/32 | HTTP retries: 11,255
Steps: 6172/14042  43% | Samples: 6161/14042 | accuracy: 0.76 | vllm: 18/32 | HTTP retries: 11,255
Steps: 6173/14042  43% | Samples: 6170/14042 | accuracy: 0.76 | vllm: 26/32 | HTTP retries: 11,265
Steps: 6189/14042  44% | Samples: 6174/14042 | accuracy: 0.76 | vllm: 14/32 | HTTP retries: 11,288
Steps: 6205/14042  44% | Samples: 6175/14042 | accuracy: 0.76 | vllm:  1/32 | HTTP retries: 11,289
[11/30/25 08:11:39] WARNING  Sample error (id: 6208, epoch: 1):       run.py:650
                             Connection error.). Sample will be                 
                             retried.                                           
Steps: 6230/14042  44% | Samples: 6206/14042 | accuracy: 0.76 | vllm:  7/32 | HTTP retries: 11,322
Steps: 6245/14042  44% | Samples: 6215/14042 | accuracy: 0.76 | vllm:  1/32 | HTTP retries: 11,326
Steps: 6246/14042  44% | Samples: 6220/14042 | accuracy: 0.76 | vllm:  4/32 | HTTP retries: 11,326
Steps: 6262/14042  44% | Samples: 6247/14042 | accuracy: 0.76 | vllm: 12/32 | HTTP retries: 11,359
Steps: 6267/14042  44% | Samples: 6253/14042 | accuracy: 0.76 | vllm: 15/32 | HTTP retries: 11,360
Steps: 6275/14042  44% | Samples: 6263/14042 | accuracy: 0.76 | vllm: 17/32 | HTTP retries: 11,371
Steps: 6276/14042  44% | Samples: 6268/14042 | accuracy: 0.76 | vllm: 22/32 | HTTP retries: 11,374
Steps: 6307/14042  44% | Samples: 6277/14042 | accuracy: 0.76 | vllm:  1/32 | HTTP retries: 11,391
Steps: 6317/14042  44% | Samples: 6287/14042 | accuracy: 0.76 | vllm:  1/32 | HTTP retries: 11,392
Steps: 6331/14042  45% | Samples: 6318/14042 | accuracy: 0.76 | vllm: 18/32 | HTTP retries: 11,426
Steps: 6332/14042  45% | Samples: 6327/14042 | accuracy: 0.76 | vllm: 26/32 | HTTP retries: 11,429
Steps: 6344/14042  45% | Samples: 6333/14042 | accuracy: 0.76 | vllm: 14/32 | HTTP retries: 11,435
Steps: 6350/14042  45% | Samples: 6336/14042 | accuracy: 0.76 | vllm: 15/32 | HTTP retries: 11,437
Steps: 6351/14042  45% | Samples: 6342/14042 | accuracy: 0.76 | vllm: 22/32 | HTTP retries: 11,449
Steps: 6363/14042  45% | Samples: 6349/14042 | accuracy: 0.76 | vllm: 12/32 | HTTP retries: 11,454
Steps: 6366/14042  45% | Samples: 6356/14042 | accuracy: 0.76 | vllm: 19/32 | HTTP retries: 11,456
Steps: 6382/14042  45% | Samples: 6367/14042 | accuracy: 0.76 | vllm: 16/32 | HTTP retries: 11,479
Steps: 6393/14042  45% | Samples: 6383/14042 | accuracy: 0.76 | vllm: 21/32 | HTTP retries: 11,508
Steps: 6419/14042  45% | Samples: 6394/14042 | accuracy: 0.76 | vllm:  6/32 | HTTP retries: 11,538
Steps: 6421/14042  45% | Samples: 6405/14042 | accuracy: 0.76 | vllm: 13/32 | HTTP retries: 11,546
Steps: 6431/14042  45% | Samples: 6411/14042 | accuracy: 0.76 | vllm:  9/32 | HTTP retries: 11,546
Steps: 6432/14042  45% | Samples: 6416/14042 | accuracy: 0.76 | vllm: 13/32 | HTTP retries: 11,547
Steps: 6448/14042  45% | Samples: 6433/14042 | accuracy: 0.76 | vllm:  2/32 | HTTP retries: 11,582
Steps: 6462/14042  46% | Samples: 6437/14042 | accuracy: 0.76 | vllm:  4/32 | HTTP retries: 11,583
Steps: 6471/14042  46% | Samples: 6442/14042 | accuracy: 0.76 | vllm:  2/32 | HTTP retries: 11,585
Steps: 6473/14042  46% | Samples: 6451/14042 | accuracy: 0.76 | vllm:  8/32 | HTTP retries: 11,585
Steps: 6489/14042  46% | Samples: 6474/14042 | accuracy: 0.76 | vllm:  3/32 | HTTP retries: 11,610
Steps: 6502/14042  46% | Samples: 6476/14042 | accuracy: 0.76 | vllm:  3/32 | HTTP retries: 11,610
Steps: 6512/14042  46% | Samples: 6481/14042 | accuracy: 0.76 | vllm:  0/32 | HTTP retries: 11,612
Steps: 6527/14042  46% | Samples: 6513/14042 | accuracy: 0.76 | vllm: 10/32 | HTTP retries: 11,643
Steps: 6534/14042  46% | Samples: 6514/14042 | accuracy: 0.76 | vllm: 11/32 | HTTP retries: 11,648
Steps: 6535/14042  46% | Samples: 6522/14042 | accuracy: 0.76 | vllm: 18/32 | HTTP retries: 11,652
Steps: 6551/14042  46% | Samples: 6529/14042 | accuracy: 0.76 | vllm:  8/32 | HTTP retries: 11,654
Steps: 6561/14042  46% | Samples: 6552/14042 | accuracy: 0.76 | vllm: 14/32 | HTTP retries: 11,678
Steps: 6569/14042  46% | Samples: 6556/14042 | accuracy: 0.76 | vllm: 16/32 | HTTP retries: 11,680
Steps: 6589/14042  46% | Samples: 6570/14042 | accuracy: 0.76 | vllm: 12/32 | HTTP retries: 11,699
Steps: 6593/14042  46% | Samples: 6579/14042 | accuracy: 0.76 | vllm: 10/32 | HTTP retries: 11,709
Steps: 6600/14042  47% | Samples: 6581/14042 | accuracy: 0.76 | vllm:  5/32 | HTTP retries: 11,709
[11/30/25 08:24:54] WARNING  Sample error (id: 6609, epoch: 1):       run.py:650
                             Connection error.). Sample will be                 
                             retried.                                           
Steps: 6605/14042  47% | Samples: 6586/14042 | accuracy: 0.76 | vllm:  8/32 | HTTP retries: 11,709
Steps: 6606/14042  47% | Samples: 6592/14042 | accuracy: 0.76 | vllm: 14/32 | HTTP retries: 11,709
Steps: 6607/14042  47% | Samples: 6599/14042 | accuracy: 0.76 | vllm: 23/32 | HTTP retries: 11,720
Steps: 6627/14042  47% | Samples: 6608/14042 | accuracy: 0.76 | vllm: 12/32 | HTTP retries: 11,723
Steps: 6629/14042  47% | Samples: 6617/14042 | accuracy: 0.76 | vllm:  3/32 | HTTP retries: 11,733
Steps: 6643/14042  47% | Samples: 6619/14042 | accuracy: 0.76 | vllm:  3/32 | HTTP retries: 11,733
Steps: 6645/14042  47% | Samples: 6622/14042 | accuracy: 0.76 | vllm:  5/32 | HTTP retries: 11,733
Steps: 6646/14042  47% | Samples: 6627/14042 | accuracy: 0.76 | vllm: 10/32 | HTTP retries: 11,734
Steps: 6647/14042  47% | Samples: 6633/14042 | accuracy: 0.76 | vllm: 15/32 | HTTP retries: 11,735
Steps: 6658/14042  47% | Samples: 6644/14042 | accuracy: 0.76 | vllm: 14/32 | HTTP retries: 11,748
Steps: 6659/14042  47% | Samples: 6648/14042 | accuracy: 0.76 | vllm: 20/32 | HTTP retries: 11,749
Steps: 6662/14042  47% | Samples: 6660/14042 | accuracy: 0.76 | vllm: 29/32 | HTTP retries: 11,783
Steps: 6665/14042  47% | Samples: 6661/14042 | accuracy: 0.76 | vllm: 16/32 | HTTP retries: 11,787
Steps: 6678/14042  47% | Samples: 6663/14042 | accuracy: 0.76 | vllm:  8/32 | HTTP retries: 11,787
Steps: 6685/14042  47% | Samples: 6664/14042 | accuracy: 0.76 | vllm:  8/32 | HTTP retries: 11,787
Steps: 6687/14042  47% | Samples: 6669/14042 | accuracy: 0.76 | vllm: 13/32 | HTTP retries: 11,794
Steps: 6698/14042  47% | Samples: 6670/14042 | accuracy: 0.76 | vllm:  3/32 | HTTP retries: 11,794
Steps: 6699/14042  47% | Samples: 6686/14042 | accuracy: 0.76 | vllm: 16/32 | HTTP retries: 11,796
Steps: 6716/14042  47% | Samples: 6700/14042 | accuracy: 0.76 | vllm: 15/32 | HTTP retries: 11,837
Steps: 6733/14042  47% | Samples: 6717/14042 | accuracy: 0.76 | vllm: 15/32 | HTTP retries: 11,850
Steps: 6752/14042  48% | Samples: 6734/14042 | accuracy: 0.76 | vllm: 13/32 | HTTP retries: 11,866
Steps: 6761/14042  48% | Samples: 6751/14042 | accuracy: 0.76 | vllm: 18/32 | HTTP retries: 11,887
Steps: 6762/14042  48% | Samples: 6754/14042 | accuracy: 0.76 | vllm: 21/32 | HTTP retries: 11,891
Steps: 6763/14042  48% | Samples: 6762/14042 | accuracy: 0.76 | vllm: 30/32 | HTTP retries: 11,908
Steps: 6778/14042  48% | Samples: 6764/14042 | accuracy: 0.76 | vllm: 17/32 | HTTP retries: 11,925
Steps: 6799/14042  48% | Samples: 6779/14042 | accuracy: 0.76 | vllm:  9/32 | HTTP retries: 11,932
Steps: 6801/14042  48% | Samples: 6786/14042 | accuracy: 0.76 | vllm: 14/32 | HTTP retries: 11,938
Steps: 6816/14042  48% | Samples: 6796/14042 | accuracy: 0.76 | vllm:  8/32 | HTTP retries: 11,941
Steps: 6817/14042  48% | Samples: 6800/14042 | accuracy: 0.76 | vllm: 12/32 | HTTP retries: 11,943
Steps: 6827/14042  48% | Samples: 6818/14042 | accuracy: 0.76 | vllm: 22/32 | HTTP retries: 11,973
Steps: 6829/14042  48% | Samples: 6828/14042 | accuracy: 0.76 | vllm: 17/32 | HTTP retries: 12,011
Steps: 6842/14042  48% | Samples: 6829/14042 | accuracy: 0.76 | vllm: 12/32 | HTTP retries: 12,011
Steps: 6849/14042  48% | Samples: 6830/14042 | accuracy: 0.76 | vllm: 12/32 | HTTP retries: 12,011
Steps: 6850/14042  48% | Samples: 6837/14042 | accuracy: 0.76 | vllm: 18/32 | HTTP retries: 12,022
Steps: 6863/14042  48% | Samples: 6845/14042 | accuracy: 0.76 | vllm: 10/32 | HTTP retries: 12,025
Steps: 6864/14042  48% | Samples: 6849/14042 | accuracy: 0.76 | vllm: 14/32 | HTTP retries: 12,026
Steps: 6871/14042  48% | Samples: 6865/14042 | accuracy: 0.76 | vllm: 25/32 | HTTP retries: 12,068
Steps: 6872/14042  48% | Samples: 6872/14042 | accuracy: 0.76 | vllm: 30/32 | HTTP retries: 12,084
Steps: 6878/14042  48% | Samples: 6874/14042 | accuracy: 0.76 | vllm: 20/32 | HTTP retries: 12,092
Steps: 6885/14042  49% | Samples: 6875/14042 | accuracy: 0.76 | vllm: 13/32 | HTTP retries: 12,098
Steps: 6893/14042  49% | Samples: 6878/14042 | accuracy: 0.76 | vllm: 11/32 | HTTP retries: 12,099
[11/30/25 08:36:04] WARNING  Sample error (id: 6908, epoch: 1):       run.py:650
                             Connection error.). Sample will be                 
                             retried.                                           
Steps: 6895/14042  49% | Samples: 6882/14042 | accuracy: 0.76 | vllm: 16/32 | HTTP retries: 12,100
Steps: 6908/14042  49% | Samples: 6890/14042 | accuracy: 0.76 | vllm: 10/32 | HTTP retries: 12,107
Steps: 6909/14042  49% | Samples: 6895/14042 | accuracy: 0.76 | vllm: 15/32 | HTTP retries: 12,107
Steps: 6922/14042  49% | Samples: 6910/14042 | accuracy: 0.76 | vllm: 14/32 | HTTP retries: 12,131
Steps: 6927/14042  49% | Samples: 6917/14042 | accuracy: 0.76 | vllm: 19/32 | HTTP retries: 12,141
Steps: 6937/14042  49% | Samples: 6928/14042 | accuracy: 0.76 | vllm: 22/32 | HTTP retries: 12,159
Steps: 6938/14042  49% | Samples: 6935/14042 | accuracy: 0.76 | vllm: 26/32 | HTTP retries: 12,171
Steps: 6956/14042  49% | Samples: 6939/14042 | accuracy: 0.76 | vllm: 14/32 | HTTP retries: 12,188
Steps: 6969/14042  49% | Samples: 6948/14042 | accuracy: 0.76 | vllm: 10/32 | HTTP retries: 12,193
Steps: 6970/14042  49% | Samples: 6962/14042 | accuracy: 0.76 | vllm: 21/32 | HTTP retries: 12,201
Steps: 6975/14042  49% | Samples: 6971/14042 | accuracy: 0.76 | vllm: 19/32 | HTTP retries: 12,228
Steps: 6983/14042  49% | Samples: 6974/14042 | accuracy: 0.76 | vllm: 21/32 | HTTP retries: 12,234
Steps: 6984/14042  49% | Samples: 6980/14042 | accuracy: 0.76 | vllm: 27/32 | HTTP retries: 12,245
Steps: 6990/14042  49% | Samples: 6985/14042 | accuracy: 0.76 | vllm: 25/32 | HTTP retries: 12,261
Steps: 6992/14042  49% | Samples: 6990/14042 | accuracy: 0.76 | vllm: 26/32 | HTTP retries: 12,267
[11/30/25 08:39:38] WARNING  Sample error (id: 7017, epoch: 1):       run.py:650
                             Connection error.). Sample will be                 
                             retried.                                           
Steps: 7003/14042  49% | Samples: 6993/14042 | accuracy: 0.76 | vllm: 21/32 | HTTP retries: 12,274
Steps: 7006/14042  49% | Samples: 7002/14042 | accuracy: 0.76 | vllm: 25/32 | HTTP retries: 12,293
Steps: 7022/14042  50% | Samples: 7007/14042 | accuracy: 0.76 | vllm: 16/32 | HTTP retries: 12,313
Steps: 7023/14042  50% | Samples: 7013/14042 | accuracy: 0.76 | vllm: 21/32 | HTTP retries: 12,324
Steps: 7029/14042  50% | Samples: 7024/14042 | accuracy: 0.76 | vllm: 26/32 | HTTP retries: 12,331
Steps: 7030/14042  50% | Samples: 7030/14042 | accuracy: 0.76 | vllm: 31/32 | HTTP retries: 12,352
Steps: 7053/14042  50% | Samples: 7031/14042 | accuracy: 0.76 | vllm:  8/32 | HTTP retries: 12,357
Steps: 7064/14042  50% | Samples: 7033/14042 | accuracy: 0.76 | vllm:  0/32 | HTTP retries: 12,357
Steps: 7085/14042  50% | Samples: 7065/14042 | accuracy: 0.76 | vllm: 11/32 | HTTP retries: 12,391
Steps: 7086/14042  50% | Samples: 7071/14042 | accuracy: 0.76 | vllm: 14/32 | HTTP retries: 12,391
Steps: 7097/14042  50% | Samples: 7081/14042 | accuracy: 0.76 | vllm: 13/32 | HTTP retries: 12,402
Steps: 7098/14042  50% | Samples: 7089/14042 | accuracy: 0.76 | vllm: 20/32 | HTTP retries: 12,412
Steps: 7113/14042  50% | Samples: 7099/14042 | accuracy: 0.76 | vllm: 12/32 | HTTP retries: 12,446
Steps: 7118/14042  50% | Samples: 7103/14042 | accuracy: 0.76 | vllm: 14/32 | HTTP retries: 12,446
Steps: 7119/14042  50% | Samples: 7113/14042 | accuracy: 0.76 | vllm: 13/32 | HTTP retries: 12,458
Steps: 7129/14042  50% | Samples: 7116/14042 | accuracy: 0.76 | vllm: 11/32 | HTTP retries: 12,458
Steps: 7135/14042  50% | Samples: 7119/14042 | accuracy: 0.76 | vllm: 13/32 | HTTP retries: 12,458
Steps: 7146/14042  50% | Samples: 7136/14042 | accuracy: 0.76 | vllm: 13/32 | HTTP retries: 12,474
Steps: 7154/14042  50% | Samples: 7140/14042 | accuracy: 0.76 | vllm: 15/32 | HTTP retries: 12,482
Steps: 7167/14042  51% | Samples: 7153/14042 | accuracy: 0.76 | vllm: 14/32 | HTTP retries: 12,495
Steps: 7168/14042  51% | Samples: 7155/14042 | accuracy: 0.76 | vllm: 18/32 | HTTP retries: 12,497
Steps: 7177/14042  51% | Samples: 7169/14042 | accuracy: 0.76 | vllm: 23/32 | HTTP retries: 12,530
Steps: 7179/14042  51% | Samples: 7176/14042 | accuracy: 0.76 | vllm: 25/32 | HTTP retries: 12,533
Steps: 7180/14042  51% | Samples: 7178/14042 | accuracy: 0.76 | vllm: 16/32 | HTTP retries: 12,533
Steps: 7193/14042  51% | Samples: 7180/14042 | accuracy: 0.76 | vllm: 18/32 | HTTP retries: 12,537
Steps: 7200/14042  51% | Samples: 7194/14042 | accuracy: 0.76 | vllm: 24/32 | HTTP retries: 12,576
Steps: 7201/14042  51% | Samples: 7200/14042 | accuracy: 0.76 | vllm: 28/32 | HTTP retries: 12,587
Steps: 7204/14042  51% | Samples: 7202/14042 | accuracy: 0.76 | vllm: 29/32 | HTTP retries: 12,595
Steps: 7213/14042  51% | Samples: 7205/14042 | accuracy: 0.76 | vllm: 23/32 | HTTP retries: 12,608
Steps: 7214/14042  51% | Samples: 7213/14042 | accuracy: 0.76 | vllm: 27/32 | HTTP retries: 12,610
Steps: 7219/14042  51% | Samples: 7214/14042 | accuracy: 0.76 | vllm: 15/32 | HTTP retries: 12,611
Steps: 7230/14042  51% | Samples: 7215/14042 | accuracy: 0.76 | vllm: 15/32 | HTTP retries: 12,612
Steps: 7231/14042  51% | Samples: 7222/14042 | accuracy: 0.76 | vllm: 20/32 | HTTP retries: 12,624
Steps: 7242/14042  51% | Samples: 7232/14042 | accuracy: 0.76 | vllm: 14/32 | HTTP retries: 12,641
Steps: 7249/14042  51% | Samples: 7236/14042 | accuracy: 0.76 | vllm: 15/32 | HTTP retries: 12,646
Steps: 7250/14042  51% | Samples: 7241/14042 | accuracy: 0.76 | vllm: 22/32 | HTTP retries: 12,655
Steps: 7262/14042  51% | Samples: 7249/14042 | accuracy: 0.76 | vllm: 15/32 | HTTP retries: 12,662
Steps: 7263/14042  51% | Samples: 7256/14042 | accuracy: 0.76 | vllm: 21/32 | HTTP retries: 12,674
Steps: 7264/14042  51% | Samples: 7260/14042 | accuracy: 0.76 | vllm: 27/32 | HTTP retries: 12,675
Steps: 7281/14042  51% | Samples: 7265/14042 | accuracy: 0.76 | vllm: 12/32 | HTTP retries: 12,682
Steps: 7284/14042  51% | Samples: 7273/14042 | accuracy: 0.76 | vllm: 17/32 | HTTP retries: 12,691
Steps: 7285/14042  51% | Samples: 7274/14042 | accuracy: 0.76 | vllm: 20/32 | HTTP retries: 12,701
Steps: 7293/14042  51% | Samples: 7282/14042 | accuracy: 0.76 | vllm: 13/32 | HTTP retries: 12,703
Steps: 7299/14042  51% | Samples: 7286/14042 | accuracy: 0.76 | vllm: 18/32 | HTTP retries: 12,704
Steps: 7308/14042  52% | Samples: 7300/14042 | accuracy: 0.76 | vllm: 22/32 | HTTP retries: 12,741
Steps: 7309/14042  52% | Samples: 7305/14042 | accuracy: 0.76 | vllm: 24/32 | HTTP retries: 12,749
Steps: 7310/14042  52% | Samples: 7309/14042 | accuracy: 0.76 | vllm: 28/32 | HTTP retries: 12,752
Steps: 7312/14042  52% | Samples: 7312/14042 | accuracy: 0.76 | vllm: 30/32 | HTTP retries: 12,760
Steps: 7339/14042  52% | Samples: 7313/14042 | accuracy: 0.76 | vllm:  5/32 | HTTP retries: 12,780
Steps: 7350/14042  52% | Samples: 7319/14042 | accuracy: 0.76 | vllm:  0/32 | HTTP retries: 12,783
Steps: 7373/14042  52% | Samples: 7351/14042 | accuracy: 0.76 | vllm:  9/32 | HTTP retries: 12,818
Steps: 7374/14042  52% | Samples: 7360/14042 | accuracy: 0.76 | vllm: 17/32 | HTTP retries: 12,828
Steps: 7385/14042  52% | Samples: 7367/14042 | accuracy: 0.76 | vllm: 11/32 | HTTP retries: 12,830
Steps: 7386/14042  52% | Samples: 7374/14042 | accuracy: 0.76 | vllm: 17/32 | HTTP retries: 12,830
Steps: 7401/14042  52% | Samples: 7387/14042 | accuracy: 0.76 | vllm: 11/32 | HTTP retries: 12,871
Steps: 7408/14042  52% | Samples: 7394/14042 | accuracy: 0.76 | vllm: 15/32 | HTTP retries: 12,876
Steps: 7409/14042  52% | Samples: 7396/14042 | accuracy: 0.76 | vllm: 18/32 | HTTP retries: 12,880
Steps: 7422/14042  52% | Samples: 7404/14042 | accuracy: 0.76 | vllm: 10/32 | HTTP retries: 12,884
Steps: 7423/14042  52% | Samples: 7411/14042 | accuracy: 0.76 | vllm: 17/32 | HTTP retries: 12,889
Steps: 7437/14042  52% | Samples: 7424/14042 | accuracy: 0.76 | vllm: 17/32 | HTTP retries: 12,914
Steps: 7439/14042  52% | Samples: 7429/14042 | accuracy: 0.76 | vllm: 19/32 | HTTP retries: 12,925
Steps: 7457/14042  53% | Samples: 7440/14042 | accuracy: 0.76 | vllm: 12/32 | HTTP retries: 12,933
Steps: 7460/14042  53% | Samples: 7449/14042 | accuracy: 0.76 | vllm: 20/32 | HTTP retries: 12,944
Steps: 7461/14042  53% | Samples: 7456/14042 | accuracy: 0.76 | vllm: 14/32 | HTTP retries: 12,950
Steps: 7471/14042  53% | Samples: 7459/14042 | accuracy: 0.76 | vllm: 17/32 | HTTP retries: 12,950
Steps: 7487/14042  53% | Samples: 7472/14042 | accuracy: 0.76 | vllm: 16/32 | HTTP retries: 12,991
Steps: 7488/14042  53% | Samples: 7475/14042 | accuracy: 0.76 | vllm: 16/32 | HTTP retries: 12,991
Steps: 7490/14042  53% | Samples: 7488/14042 | accuracy: 0.76 | vllm: 22/32 | HTTP retries: 13,007
Steps: 7500/14042  53% | Samples: 7489/14042 | accuracy: 0.76 | vllm: 20/32 | HTTP retries: 13,007
Steps: 7521/14042  53% | Samples: 7501/14042 | accuracy: 0.76 | vllm: 11/32 | HTTP retries: 13,047
Steps: 7522/14042  53% | Samples: 7510/14042 | accuracy: 0.76 | vllm: 19/32 | HTTP retries: 13,051
Steps: 7523/14042  53% | Samples: 7517/14042 | accuracy: 0.76 | vllm: 16/32 | HTTP retries: 13,059
Steps: 7530/14042  53% | Samples: 7519/14042 | accuracy: 0.76 | vllm: 19/32 | HTTP retries: 13,059
Steps: 7546/14042  53% | Samples: 7531/14042 | accuracy: 0.76 | vllm: 16/32 | HTTP retries: 13,094
Steps: 7547/14042  53% | Samples: 7542/14042 | accuracy: 0.76 | vllm: 26/32 | HTTP retries: 13,107
Steps: 7561/14042  53% | Samples: 7548/14042 | accuracy: 0.76 | vllm: 13/32 | HTTP retries: 13,114
Steps: 7566/14042  53% | Samples: 7551/14042 | accuracy: 0.76 | vllm: 14/32 | HTTP retries: 13,119
Steps: 7567/14042  53% | Samples: 7556/14042 | accuracy: 0.76 | vllm: 18/32 | HTTP retries: 13,124
Steps: 7579/14042  53% | Samples: 7565/14042 | accuracy: 0.76 | vllm: 15/32 | HTTP retries: 13,133
Steps: 7580/14042  53% | Samples: 7568/14042 | accuracy: 0.76 | vllm: 19/32 | HTTP retries: 13,139
Steps: 7603/14042  54% | Samples: 7581/14042 | accuracy: 0.76 | vllm:  9/32 | HTTP retries: 13,168
Steps: 7604/14042  54% | Samples: 7589/14042 | accuracy: 0.76 | vllm: 14/32 | HTTP retries: 13,169
Steps: 7613/14042  54% | Samples: 7590/14042 | accuracy: 0.76 | vllm:  6/32 | HTTP retries: 13,179
Steps: 7617/14042  54% | Samples: 7596/14042 | accuracy: 0.76 | vllm:  8/32 | HTTP retries: 13,179
Steps: 7634/14042  54% | Samples: 7618/14042 | accuracy: 0.76 | vllm: 15/32 | HTTP retries: 13,212
Steps: 7644/14042  54% | Samples: 7621/14042 | accuracy: 0.76 | vllm:  7/32 | HTTP retries: 13,221
Steps: 7645/14042  54% | Samples: 7626/14042 | accuracy: 0.76 | vllm:  8/32 | HTTP retries: 13,221
Steps: 7648/14042  54% | Samples: 7630/14042 | accuracy: 0.76 | vllm: 11/32 | HTTP retries: 13,222
Steps: 7649/14042  54% | Samples: 7649/14042 | accuracy: 0.76 | vllm: 31/32 | HTTP retries: 13,250
Steps: 7677/14042  54% | Samples: 7650/14042 | accuracy: 0.76 | vllm:  4/32 | HTTP retries: 13,254
Steps: 7678/14042  54% | Samples: 7655/14042 | accuracy: 0.76 | vllm:  8/32 | HTTP retries: 13,255
Steps: 7685/14042  54% | Samples: 7662/14042 | accuracy: 0.76 | vllm:  6/32 | HTTP retries: 13,255
Steps: 7686/14042  54% | Samples: 7672/14042 | accuracy: 0.76 | vllm: 15/32 | HTTP retries: 13,258
Steps: 7701/14042  54% | Samples: 7687/14042 | accuracy: 0.76 | vllm: 12/32 | HTTP retries: 13,293
Steps: 7707/14042  54% | Samples: 7688/14042 | accuracy: 0.76 | vllm: 12/32 | HTTP retries: 13,293
Steps: 7718/14042  54% | Samples: 7693/14042 | accuracy: 0.76 | vllm:  6/32 | HTTP retries: 13,295
Steps: 7736/14042  55% | Samples: 7719/14042 | accuracy: 0.76 | vllm: 14/32 | HTTP retries: 13,334
Steps: 7737/14042  55% | Samples: 7721/14042 | accuracy: 0.76 | vllm: 15/32 | HTTP retries: 13,334
Steps: 7748/14042  55% | Samples: 7730/14042 | accuracy: 0.76 | vllm: 11/32 | HTTP retries: 13,338
Steps: 7764/14042  55% | Samples: 7749/14042 | accuracy: 0.76 | vllm: 13/32 | HTTP retries: 13,385
Steps: 7767/14042  55% | Samples: 7751/14042 | accuracy: 0.76 | vllm: 14/32 | HTTP retries: 13,386
Steps: 7783/14042  55% | Samples: 7766/14042 | accuracy: 0.76 | vllm: 11/32 | HTTP retries: 13,397
Steps: 7784/14042  55% | Samples: 7768/14042 | accuracy: 0.76 | vllm: 14/32 | HTTP retries: 13,398
Steps: 7786/14042  55% | Samples: 7777/14042 | accuracy: 0.76 | vllm: 22/32 | HTTP retries: 13,410
Steps: 7792/14042  55% | Samples: 7784/14042 | accuracy: 0.76 | vllm: 18/32 | HTTP retries: 13,419
Steps: 7796/14042  55% | Samples: 7788/14042 | accuracy: 0.76 | vllm: 22/32 | HTTP retries: 13,430
Steps: 7812/14042  55% | Samples: 7797/14042 | accuracy: 0.76 | vllm:  8/32 | HTTP retries: 13,456
Steps: 7820/14042  55% | Samples: 7804/14042 | accuracy: 0.76 | vllm: 13/32 | HTTP retries: 13,458
Steps: 7821/14042  55% | Samples: 7806/14042 | accuracy: 0.76 | vllm: 16/32 | HTTP retries: 13,464
Steps: 7834/14042  55% | Samples: 7814/14042 | accuracy: 0.76 | vllm:  8/32 | HTTP retries: 13,465
Steps: 7835/14042  55% | Samples: 7817/14042 | accuracy: 0.76 | vllm: 11/32 | HTTP retries: 13,465
Steps: 7846/14042  55% | Samples: 7836/14042 | accuracy: 0.76 | vllm: 17/32 | HTTP retries: 13,490
Steps: 7849/14042  55% | Samples: 7839/14042 | accuracy: 0.76 | vllm: 19/32 | HTTP retries: 13,493
Steps: 7850/14042  55% | Samples: 7845/14042 | accuracy: 0.76 | vllm: 26/32 | HTTP retries: 13,502
Steps: 7862/14042  55% | Samples: 7851/14042 | accuracy: 0.76 | vllm: 19/32 | HTTP retries: 13,511
Steps: 7864/14042  56% | Samples: 7857/14042 | accuracy: 0.76 | vllm: 22/32 | HTTP retries: 13,518
Steps: 7872/14042  56% | Samples: 7865/14042 | accuracy: 0.76 | vllm: 23/32 | HTTP retries: 13,546
Steps: 7873/14042  56% | Samples: 7869/14042 | accuracy: 0.76 | vllm: 24/32 | HTTP retries: 13,552
Steps: 7874/14042  56% | Samples: 7873/14042 | accuracy: 0.76 | vllm: 27/32 | HTTP retries: 13,552
Steps: 7881/14042  56% | Samples: 7874/14042 | accuracy: 0.76 | vllm: 24/32 | HTTP retries: 13,562
Steps: 7896/14042  56% | Samples: 7882/14042 | accuracy: 0.76 | vllm: 11/32 | HTTP retries: 13,584
Steps: 7908/14042  56% | Samples: 7884/14042 | accuracy: 0.76 | vllm:  7/32 | HTTP retries: 13,593
Steps: 7912/14042  56% | Samples: 7889/14042 | accuracy: 0.76 | vllm:  4/32 | HTTP retries: 13,593
Steps: 7914/14042  56% | Samples: 7896/14042 | accuracy: 0.76 | vllm: 11/32 | HTTP retries: 13,594
Steps: 7928/14042  56% | Samples: 7915/14042 | accuracy: 0.76 | vllm: 18/32 | HTTP retries: 13,630
Steps: 7937/14042  56% | Samples: 7929/14042 | accuracy: 0.76 | vllm: 23/32 | HTTP retries: 13,651
Steps: 7966/14042  56% | Samples: 7938/14042 | accuracy: 0.76 | vllm:  3/32 | HTTP retries: 13,672
Steps: 7967/14042  56% | Samples: 7948/14042 | accuracy: 0.76 | vllm: 12/32 | HTTP retries: 13,675
Steps: 7976/14042  56% | Samples: 7955/14042 | accuracy: 0.76 | vllm:  7/32 | HTTP retries: 13,677
Steps: 7977/14042  56% | Samples: 7962/14042 | accuracy: 0.76 | vllm: 14/32 | HTTP retries: 13,679
Steps: 7989/14042  56% | Samples: 7978/14042 | accuracy: 0.76 | vllm: 20/32 | HTTP retries: 13,724
Steps: 7990/14042  56% | Samples: 7984/14042 | accuracy: 0.76 | vllm: 23/32 | HTTP retries: 13,725
Steps: 8004/14042  57% | Samples: 7991/14042 | accuracy: 0.76 | vllm: 17/32 | HTTP retries: 13,742
Steps: 8009/14042  57% | Samples: 7996/14042 | accuracy: 0.76 | vllm: 16/32 | HTTP retries: 13,745
Steps: 8018/14042  57% | Samples: 8009/14042 | accuracy: 0.76 | vllm: 20/32 | HTTP retries: 13,758
Steps: 8022/14042  57% | Samples: 8019/14042 | accuracy: 0.76 | vllm: 26/32 | HTTP retries: 13,778
Steps: 8031/14042  57% | Samples: 8021/14042 | accuracy: 0.76 | vllm: 21/32 | HTTP retries: 13,778
Steps: 8041/14042  57% | Samples: 8024/14042 | accuracy: 0.76 | vllm:  9/32 | HTTP retries: 13,778
Steps: 8045/14042  57% | Samples: 8029/14042 | accuracy: 0.76 | vllm: 15/32 | HTTP retries: 13,786
Steps: 8049/14042  57% | Samples: 8032/14042 | accuracy: 0.76 | vllm:  7/32 | HTTP retries: 13,789
Steps: 8056/14042  57% | Samples: 8036/14042 | accuracy: 0.76 | vllm:  8/32 | HTTP retries: 13,789
Steps: 8057/14042  57% | Samples: 8043/14042 | accuracy: 0.76 | vllm: 15/32 | HTTP retries: 13,793
Steps: 8084/14042  57% | Samples: 8058/14042 | accuracy: 0.76 | vllm:  5/32 | HTTP retries: 13,821
Steps: 8085/14042  57% | Samples: 8066/14042 | accuracy: 0.76 | vllm: 10/32 | HTTP retries: 13,823
Steps: 8097/14042  57% | Samples: 8067/14042 | accuracy: 0.76 | vllm:  1/32 | HTTP retries: 13,828
Steps: 8127/14042  57% | Samples: 8098/14042 | accuracy: 0.76 | vllm:  2/32 | HTTP retries: 13,855
Steps: 8136/14042  57% | Samples: 8105/14042 | accuracy: 0.76 | vllm:  0/32 | HTTP retries: 13,857
Steps: 8151/14042  58% | Samples: 8137/14042 | accuracy: 0.76 | vllm: 12/32 | HTTP retries: 13,892
Steps: 8156/14042  58% | Samples: 8141/14042 | accuracy: 0.76 | vllm: 14/32 | HTTP retries: 13,892
Steps: 8157/14042  58% | Samples: 8146/14042 | accuracy: 0.76 | vllm: 20/32 | HTTP retries: 13,909
Steps: 8169/14042  58% | Samples: 8154/14042 | accuracy: 0.76 | vllm: 12/32 | HTTP retries: 13,911
Steps: 8172/14042  58% | Samples: 8158/14042 | accuracy: 0.76 | vllm: 17/32 | HTTP retries: 13,911
Steps: 8180/14042  58% | Samples: 8173/14042 | accuracy: 0.76 | vllm: 22/32 | HTTP retries: 13,945
Steps: 8182/14042  58% | Samples: 8178/14042 | accuracy: 0.76 | vllm: 25/32 | HTTP retries: 13,952
Steps: 8183/14042  58% | Samples: 8183/14042 | accuracy: 0.76 | vllm: 30/32 | HTTP retries: 13,965
Steps: 8197/14042  58% | Samples: 8185/14042 | accuracy: 0.76 | vllm: 14/32 | HTTP retries: 13,969
Steps: 8203/14042  58% | Samples: 8188/14042 | accuracy: 0.76 | vllm: 14/32 | HTTP retries: 13,970
Steps: 8204/14042  58% | Samples: 8192/14042 | accuracy: 0.76 | vllm: 19/32 | HTTP retries: 13,982
Steps: 8218/14042  58% | Samples: 8200/14042 | accuracy: 0.76 | vllm:  7/32 | HTTP retries: 13,982
Steps: 8223/14042  58% | Samples: 8203/14042 | accuracy: 0.76 | vllm:  9/32 | HTTP retries: 13,982
Steps: 8234/14042  58% | Samples: 8222/14042 | accuracy: 0.76 | vllm: 17/32 | HTTP retries: 13,999
Steps: 8236/14042  58% | Samples: 8230/14042 | accuracy: 0.76 | vllm: 23/32 | HTTP retries: 14,011
Steps: 8252/14042  58% | Samples: 8237/14042 | accuracy: 0.76 | vllm:  9/32 | HTTP retries: 14,044
Steps: 8260/14042  58% | Samples: 8242/14042 | accuracy: 0.76 | vllm: 11/32 | HTTP retries: 14,044
[11/30/25 09:24:50] WARNING  Sample error (id: 8270, epoch: 1):       run.py:650
                             Connection error.). Sample will be                 
                             retried.                                           
Steps: 8264/14042  58% | Samples: 8254/14042 | accuracy: 0.76 | vllm: 12/32 | HTTP retries: 14,055
Steps: 8271/14042  58% | Samples: 8256/14042 | accuracy: 0.76 | vllm: 12/32 | HTTP retries: 14,055
Steps: 8273/14042  58% | Samples: 8262/14042 | accuracy: 0.76 | vllm: 18/32 | HTTP retries: 14,062
Steps: 8289/14042  59% | Samples: 8274/14042 | accuracy: 0.76 | vllm:  6/32 | HTTP retries: 14,102
Steps: 8299/14042  59% | Samples: 8277/14042 | accuracy: 0.76 | vllm:  7/32 | HTTP retries: 14,102
Steps: 8300/14042  59% | Samples: 8283/14042 | accuracy: 0.76 | vllm: 14/32 | HTTP retries: 14,108
Steps: 8310/14042  59% | Samples: 8291/14042 | accuracy: 0.76 | vllm: 10/32 | HTTP retries: 14,109
Steps: 8334/14042  59% | Samples: 8311/14042 | accuracy: 0.76 | vllm:  8/32 | HTTP retries: 14,147
Steps: 8335/14042  59% | Samples: 8317/14042 | accuracy: 0.76 | vllm: 11/32 | HTTP retries: 14,151
Steps: 8344/14042  59% | Samples: 8327/14042 | accuracy: 0.76 | vllm: 10/32 | HTTP retries: 14,158
Steps: 8346/14042  59% | Samples: 8331/14042 | accuracy: 0.76 | vllm: 14/32 | HTTP retries: 14,158
Steps: 8347/14042  59% | Samples: 8338/14042 | accuracy: 0.76 | vllm: 20/32 | HTTP retries: 14,162
Steps: 8371/14042  59% | Samples: 8348/14042 | accuracy: 0.76 | vllm:  8/32 | HTTP retries: 14,201
Steps: 8372/14042  59% | Samples: 8357/14042 | accuracy: 0.76 | vllm: 16/32 | HTTP retries: 14,208
Steps: 8382/14042  59% | Samples: 8364/14042 | accuracy: 0.76 | vllm: 11/32 | HTTP retries: 14,212
Steps: 8383/14042  59% | Samples: 8371/14042 | accuracy: 0.76 | vllm: 17/32 | HTTP retries: 14,213
Steps: 8385/14042  59% | Samples: 8384/14042 | accuracy: 0.76 | vllm: 19/32 | HTTP retries: 14,245
Steps: 8399/14042  59% | Samples: 8385/14042 | accuracy: 0.76 | vllm: 11/32 | HTTP retries: 14,248
Steps: 8405/14042  59% | Samples: 8390/14042 | accuracy: 0.76 | vllm: 13/32 | HTTP retries: 14,250
Steps: 8406/14042  59% | Samples: 8393/14042 | accuracy: 0.76 | vllm: 18/32 | HTTP retries: 14,258
Steps: 8422/14042  59% | Samples: 8402/14042 | accuracy: 0.76 | vllm:  9/32 | HTTP retries: 14,260
Steps: 8431/14042  60% | Samples: 8423/14042 | accuracy: 0.76 | vllm: 23/32 | HTTP retries: 14,295
Steps: 8451/14042  60% | Samples: 8432/14042 | accuracy: 0.76 | vllm: 12/32 | HTTP retries: 14,318
Steps: 8452/14042  60% | Samples: 8440/14042 | accuracy: 0.76 | vllm: 17/32 | HTTP retries: 14,318
Steps: 8462/14042  60% | Samples: 8445/14042 | accuracy: 0.76 | vllm: 11/32 | HTTP retries: 14,319
Steps: 8463/14042  60% | Samples: 8448/14042 | accuracy: 0.76 | vllm: 16/32 | HTTP retries: 14,327
Steps: 8478/14042  60% | Samples: 8464/14042 | accuracy: 0.76 | vllm: 10/32 | HTTP retries: 14,357
Steps: 8485/14042  60% | Samples: 8465/14042 | accuracy: 0.76 | vllm: 11/32 | HTTP retries: 14,357
Steps: 8486/14042  60% | Samples: 8472/14042 | accuracy: 0.76 | vllm: 17/32 | HTTP retries: 14,367
Steps: 8499/14042  60% | Samples: 8481/14042 | accuracy: 0.76 | vllm: 12/32 | HTTP retries: 14,369
Steps: 8500/14042  60% | Samples: 8488/14042 | accuracy: 0.76 | vllm: 17/32 | HTTP retries: 14,377
Steps: 8506/14042  60% | Samples: 8501/14042 | accuracy: 0.76 | vllm:  1/32 | HTTP retries: 14,400
Steps: 8531/14042  60% | Samples: 8502/14042 | accuracy: 0.76 | vllm:  2/32 | HTTP retries: 14,400
Steps: 8540/14042  60% | Samples: 8518/14042 | accuracy: 0.76 | vllm:  6/32 | HTTP retries: 14,406
Steps: 8541/14042  60% | Samples: 8523/14042 | accuracy: 0.76 | vllm: 11/32 | HTTP retries: 14,406
Steps: 8550/14042  60% | Samples: 8542/14042 | accuracy: 0.76 | vllm: 23/32 | HTTP retries: 14,453
Steps: 8576/14042  61% | Samples: 8551/14042 | accuracy: 0.76 | vllm:  6/32 | HTTP retries: 14,463
Steps: 8577/14042  61% | Samples: 8561/14042 | accuracy: 0.76 | vllm: 15/32 | HTTP retries: 14,468
Steps: 8588/14042  61% | Samples: 8568/14042 | accuracy: 0.76 | vllm: 10/32 | HTTP retries: 14,469
Steps: 8589/14042  61% | Samples: 8573/14042 | accuracy: 0.76 | vllm: 13/32 | HTTP retries: 14,469
Steps: 8597/14042  61% | Samples: 8590/14042 | accuracy: 0.76 | vllm:  5/32 | HTTP retries: 14,503
Steps: 8616/14042  61% | Samples: 8591/14042 | accuracy: 0.76 | vllm:  5/32 | HTTP retries: 14,503
Steps: 8628/14042  61% | Samples: 8599/14042 | accuracy: 0.76 | vllm:  2/32 | HTTP retries: 14,507
Steps: 8629/14042  61% | Samples: 8615/14042 | accuracy: 0.76 | vllm: 15/32 | HTTP retries: 14,509
Steps: 8657/14042  61% | Samples: 8630/14042 | accuracy: 0.76 | vllm:  4/32 | HTTP retries: 14,537
Steps: 8666/14042  61% | Samples: 8637/14042 | accuracy: 0.76 | vllm:  2/32 | HTTP retries: 14,541
Steps: 8668/14042  61% | Samples: 8647/14042 | accuracy: 0.76 | vllm:  9/32 | HTTP retries: 14,541
Steps: 8683/14042  61% | Samples: 8669/14042 | accuracy: 0.76 | vllm: 13/32 | HTTP retries: 14,572
Steps: 8687/14042  61% | Samples: 8672/14042 | accuracy: 0.76 | vllm: 14/32 | HTTP retries: 14,572
Steps: 8688/14042  61% | Samples: 8676/14042 | accuracy: 0.76 | vllm: 19/32 | HTTP retries: 14,587
Steps: 8695/14042  61% | Samples: 8684/14042 | accuracy: 0.76 | vllm: 17/32 | HTTP retries: 14,588
Steps: 8702/14042  61% | Samples: 8689/14042 | accuracy: 0.76 | vllm: 16/32 | HTTP retries: 14,588
Steps: 8721/14042  62% | Samples: 8703/14042 | accuracy: 0.76 | vllm: 11/32 | HTTP retries: 14,611
Steps: 8723/14042  62% | Samples: 8708/14042 | accuracy: 0.76 | vllm: 14/32 | HTTP retries: 14,616
Steps: 8735/14042  62% | Samples: 8720/14042 | accuracy: 0.76 | vllm: 14/32 | HTTP retries: 14,628
Steps: 8764/14042  62% | Samples: 8736/14042 | accuracy: 0.76 | vllm:  3/32 | HTTP retries: 14,663
Steps: 8765/14042  62% | Samples: 8742/14042 | accuracy: 0.76 | vllm:  6/32 | HTTP retries: 14,665
Steps: 8772/14042  62% | Samples: 8753/14042 | accuracy: 0.76 | vllm: 10/32 | HTTP retries: 14,669
Steps: 8798/14042  62% | Samples: 8773/14042 | accuracy: 0.76 | vllm:  6/32 | HTTP retries: 14,698
Steps: 8804/14042  62% | Samples: 8775/14042 | accuracy: 0.76 | vllm:  2/32 | HTTP retries: 14,701
Steps: 8806/14042  62% | Samples: 8782/14042 | accuracy: 0.76 | vllm:  5/32 | HTTP retries: 14,701
Steps: 8820/14042  62% | Samples: 8807/14042 | accuracy: 0.76 | vllm: 18/32 | HTTP retries: 14,741
Steps: 8821/14042  62% | Samples: 8814/14042 | accuracy: 0.76 | vllm: 24/32 | HTTP retries: 14,741
Steps: 8836/14042  62% | Samples: 8821/14042 | accuracy: 0.76 | vllm: 10/32 | HTTP retries: 14,744
Steps: 8842/14042  62% | Samples: 8822/14042 | accuracy: 0.76 | vllm: 11/32 | HTTP retries: 14,746
Steps: 8848/14042  63% | Samples: 8840/14042 | accuracy: 0.76 | vllm:  9/32 | HTTP retries: 14,765
Steps: 8860/14042  63% | Samples: 8842/14042 | accuracy: 0.76 | vllm: 11/32 | HTTP retries: 14,765
Steps: 8861/14042  63% | Samples: 8847/14042 | accuracy: 0.76 | vllm: 15/32 | HTTP retries: 14,766
Steps: 8878/14042  63% | Samples: 8862/14042 | accuracy: 0.76 | vllm: 15/32 | HTTP retries: 14,786
Steps: 8890/14042  63% | Samples: 8879/14042 | accuracy: 0.76 | vllm: 20/32 | HTTP retries: 14,817
Steps: 8893/14042  63% | Samples: 8893/14042 | accuracy: 0.76 | vllm: 31/32 | HTTP retries: 14,853
Steps: 8897/14042  63% | Samples: 8894/14042 | accuracy: 0.76 | vllm: 23/32 | HTTP retries: 14,853
Steps: 8902/14042  63% | Samples: 8895/14042 | accuracy: 0.76 | vllm:  7/32 | HTTP retries: 14,853
Steps: 8915/14042  63% | Samples: 8896/14042 | accuracy: 0.76 | vllm:  7/32 | HTTP retries: 14,853
Steps: 8922/14042  63% | Samples: 8900/14042 | accuracy: 0.76 | vllm:  9/32 | HTTP retries: 14,857
Steps: 8927/14042  63% | Samples: 8906/14042 | accuracy: 0.76 | vllm:  6/32 | HTTP retries: 14,857
Steps: 8931/14042  63% | Samples: 8912/14042 | accuracy: 0.76 | vllm: 10/32 | HTTP retries: 14,857
Steps: 8934/14042  63% | Samples: 8920/14042 | accuracy: 0.76 | vllm: 14/32 | HTTP retries: 14,860
Steps: 8935/14042  63% | Samples: 8923/14042 | accuracy: 0.76 | vllm: 15/32 | HTTP retries: 14,860
Steps: 8937/14042  63% | Samples: 8927/14042 | accuracy: 0.76 | vllm: 19/32 | HTTP retries: 14,866
Steps: 8951/14042  63% | Samples: 8938/14042 | accuracy: 0.76 | vllm: 18/32 | HTTP retries: 14,897
Steps: 8952/14042  63% | Samples: 8941/14042 | accuracy: 0.76 | vllm: 20/32 | HTTP retries: 14,898
Steps: 8965/14042  63% | Samples: 8949/14042 | accuracy: 0.76 | vllm: 13/32 | HTTP retries: 14,907
Steps: 8966/14042  63% | Samples: 8955/14042 | accuracy: 0.76 | vllm: 18/32 | HTTP retries: 14,909
Steps: 8976/14042  63% | Samples: 8967/14042 | accuracy: 0.76 | vllm: 21/32 | HTTP retries: 14,937
Steps: 8977/14042  63% | Samples: 8973/14042 | accuracy: 0.76 | vllm: 25/32 | HTTP retries: 14,952
Steps: 8985/14042  63% | Samples: 8978/14042 | accuracy: 0.76 | vllm: 24/32 | HTTP retries: 14,982
Steps: 8986/14042  63% | Samples: 8984/14042 | accuracy: 0.76 | vllm: 27/32 | HTTP retries: 14,982
Steps: 9015/14042  64% | Samples: 8987/14042 | accuracy: 0.76 | vllm:  3/32 | HTTP retries: 14,996
Steps: 9025/14042  64% | Samples: 8997/14042 | accuracy: 0.76 | vllm:  2/32 | HTTP retries: 15,003
Steps: 9026/14042  64% | Samples: 9001/14042 | accuracy: 0.76 | vllm:  3/32 | HTTP retries: 15,003
Steps: 9028/14042  64% | Samples: 9005/14042 | accuracy: 0.76 | vllm:  6/32 | HTTP retries: 15,003
Steps: 9044/14042  64% | Samples: 9029/14042 | accuracy: 0.76 | vllm: 13/32 | HTTP retries: 15,040
Steps: 9048/14042  64% | Samples: 9031/14042 | accuracy: 0.76 | vllm: 13/32 | HTTP retries: 15,040
[11/30/25 09:55:47] WARNING  Sample error (id: 9056, epoch: 1):       run.py:650
                             Connection error.). Sample will be                 
                             retried.                                           
Steps: 9049/14042  64% | Samples: 9036/14042 | accuracy: 0.76 | vllm: 18/32 | HTTP retries: 15,051
Steps: 9054/14042  64% | Samples: 9046/14042 | accuracy: 0.76 | vllm: 21/32 | HTTP retries: 15,056
Steps: 9055/14042  64% | Samples: 9052/14042 | accuracy: 0.76 | vllm: 26/32 | HTTP retries: 15,063
Steps: 9068/14042  64% | Samples: 9056/14042 | accuracy: 0.76 | vllm: 11/32 | HTTP retries: 15,087
Steps: 9077/14042  64% | Samples: 9058/14042 | accuracy: 0.76 | vllm: 12/32 | HTTP retries: 15,087
Steps: 9082/14042  64% | Samples: 9059/14042 | accuracy: 0.76 | vllm:  8/32 | HTTP retries: 15,096
Steps: 9089/14042  64% | Samples: 9066/14042 | accuracy: 0.76 | vllm:  6/32 | HTTP retries: 15,096
Steps: 9114/14042  64% | Samples: 9090/14042 | accuracy: 0.76 | vllm:  7/32 | HTTP retries: 15,132
Steps: 9115/14042  64% | Samples: 9097/14042 | accuracy: 0.76 | vllm: 11/32 | HTTP retries: 15,133
Steps: 9124/14042  64% | Samples: 9099/14042 | accuracy: 0.76 | vllm:  5/32 | HTTP retries: 15,141
Steps: 9125/14042  64% | Samples: 9103/14042 | accuracy: 0.76 | vllm:  8/32 | HTTP retries: 15,142
Steps: 9138/14042  65% | Samples: 9126/14042 | accuracy: 0.76 | vllm:  7/32 | HTTP retries: 15,177
Steps: 9150/14042  65% | Samples: 9127/14042 | accuracy: 0.76 | vllm:  8/32 | HTTP retries: 15,177
Steps: 9160/14042  65% | Samples: 9135/14042 | accuracy: 0.76 | vllm:  5/32 | HTTP retries: 15,188
Steps: 9161/14042  65% | Samples: 9138/14042 | accuracy: 0.76 | vllm:  5/32 | HTTP retries: 15,188
Steps: 9162/14042  65% | Samples: 9143/14042 | accuracy: 0.76 | vllm: 10/32 | HTTP retries: 15,189
Steps: 9178/14042  65% | Samples: 9163/14042 | accuracy: 0.76 | vllm: 14/32 | HTTP retries: 15,224
Steps: 9180/14042  65% | Samples: 9168/14042 | accuracy: 0.76 | vllm: 17/32 | HTTP retries: 15,232
Steps: 9199/14042  65% | Samples: 9178/14042 | accuracy: 0.76 | vllm:  8/32 | HTTP retries: 15,239
Steps: 9210/14042  65% | Samples: 9198/14042 | accuracy: 0.76 | vllm: 15/32 | HTTP retries: 15,262
Steps: 9213/14042  65% | Samples: 9202/14042 | accuracy: 0.76 | vllm: 19/32 | HTTP retries: 15,263
Steps: 9225/14042  65% | Samples: 9215/14042 | accuracy: 0.76 | vllm: 13/32 | HTTP retries: 15,309
Steps: 9234/14042  65% | Samples: 9217/14042 | accuracy: 0.76 | vllm: 13/32 | HTTP retries: 15,314
Steps: 9235/14042  65% | Samples: 9223/14042 | accuracy: 0.76 | vllm: 19/32 | HTTP retries: 15,321
Steps: 9250/14042  65% | Samples: 9231/14042 | accuracy: 0.76 | vllm:  9/32 | HTTP retries: 15,324
Steps: 9251/14042  65% | Samples: 9234/14042 | accuracy: 0.76 | vllm: 12/32 | HTTP retries: 15,324
Steps: 9264/14042  65% | Samples: 9252/14042 | accuracy: 0.76 | vllm: 19/32 | HTTP retries: 15,351
Steps: 9271/14042  66% | Samples: 9265/14042 | accuracy: 0.76 | vllm: 14/32 | HTTP retries: 15,397
Steps: 9282/14042  66% | Samples: 9266/14042 | accuracy: 0.76 | vllm: 15/32 | HTTP retries: 15,397
Steps: 9283/14042  66% | Samples: 9272/14042 | accuracy: 0.76 | vllm: 18/32 | HTTP retries: 15,397
Steps: 9290/14042  66% | Samples: 9281/14042 | accuracy: 0.76 | vllm: 13/32 | HTTP retries: 15,412
Steps: 9297/14042  66% | Samples: 9283/14042 | accuracy: 0.76 | vllm: 15/32 | HTTP retries: 15,412
Steps: 9302/14042  66% | Samples: 9298/14042 | accuracy: 0.76 | vllm: 27/32 | HTTP retries: 15,452
[11/30/25 10:07:07] WARNING  Sample error (id: 9335, epoch: 1):       run.py:650
                             Connection error.). Sample will be                 
                             retried.                                           
Steps: 9323/14042  66% | Samples: 9303/14042 | accuracy: 0.76 | vllm: 11/32 | HTTP retries: 15,460
Steps: 9332/14042  66% | Samples: 9316/14042 | accuracy: 0.76 | vllm: 13/32 | HTTP retries: 15,470
Steps: 9344/14042  66% | Samples: 9333/14042 | accuracy: 0.76 | vllm: 19/32 | HTTP retries: 15,507
Steps: 9345/14042  66% | Samples: 9340/14042 | accuracy: 0.76 | vllm: 24/32 | HTTP retries: 15,508
Steps: 9364/14042  66% | Samples: 9346/14042 | accuracy: 0.76 | vllm: 13/32 | HTTP retries: 15,535
Steps: 9365/14042  66% | Samples: 9351/14042 | accuracy: 0.76 | vllm: 15/32 | HTTP retries: 15,536
Steps: 9377/14042  66% | Samples: 9363/14042 | accuracy: 0.76 | vllm: 15/32 | HTTP retries: 15,551
Steps: 9392/14042  66% | Samples: 9378/14042 | accuracy: 0.76 | vllm: 12/32 | HTTP retries: 15,596
Steps: 9397/14042  66% | Samples: 9384/14042 | accuracy: 0.76 | vllm: 16/32 | HTTP retries: 15,597
Steps: 9398/14042  66% | Samples: 9387/14042 | accuracy: 0.76 | vllm: 20/32 | HTTP retries: 15,609
Steps: 9412/14042  67% | Samples: 9394/14042 | accuracy: 0.76 | vllm: 12/32 | HTTP retries: 15,612
Steps: 9416/14042  67% | Samples: 9413/14042 | accuracy: 0.76 | vllm: 27/32 | HTTP retries: 15,654
Steps: 9418/14042  67% | Samples: 9417/14042 | accuracy: 0.76 | vllm: 29/32 | HTTP retries: 15,665
Steps: 9423/14042  67% | Samples: 9418/14042 | accuracy: 0.76 | vllm: 26/32 | HTTP retries: 15,666
Steps: 9438/14042  67% | Samples: 9424/14042 | accuracy: 0.76 | vllm: 17/32 | HTTP retries: 15,700
Steps: 9459/14042  67% | Samples: 9439/14042 | accuracy: 0.76 | vllm:  9/32 | HTTP retries: 15,702
Steps: 9461/14042  67% | Samples: 9443/14042 | accuracy: 0.76 | vllm: 11/32 | HTTP retries: 15,708
Steps: 9470/14042  67% | Samples: 9456/14042 | accuracy: 0.76 | vllm: 15/32 | HTTP retries: 15,720
Steps: 9471/14042  67% | Samples: 9465/14042 | accuracy: 0.76 | vllm: 23/32 | HTTP retries: 15,731
Steps: 9482/14042  67% | Samples: 9472/14042 | accuracy: 0.76 | vllm: 21/32 | HTTP retries: 15,761
Steps: 9483/14042  67% | Samples: 9481/14042 | accuracy: 0.76 | vllm: 29/32 | HTTP retries: 15,781
Steps: 9513/14042  67% | Samples: 9484/14042 | accuracy: 0.76 | vllm:  2/32 | HTTP retries: 15,789
Steps: 9521/14042  67% | Samples: 9492/14042 | accuracy: 0.76 | vllm:  1/32 | HTTP retries: 15,793
[11/30/25 10:15:57] WARNING  Sample error (id: 9515, epoch: 1):       run.py:650
                             Connection error.). Sample will be                 
                             retried.                                           
Steps: 9522/14042  67% | Samples: 9501/14042 | accuracy: 0.76 | vllm:  8/32 | HTTP retries: 15,793
Steps: 9537/14042  67% | Samples: 9523/14042 | accuracy: 0.76 | vllm:  5/32 | HTTP retries: 15,830
Steps: 9549/14042  68% | Samples: 9524/14042 | accuracy: 0.76 | vllm:  5/32 | HTTP retries: 15,833
Steps: 9550/14042  68% | Samples: 9528/14042 | accuracy: 0.76 | vllm:  7/32 | HTTP retries: 15,834
Steps: 9557/14042  68% | Samples: 9531/14042 | accuracy: 0.76 | vllm:  4/32 | HTTP retries: 15,840
Steps: 9558/14042  68% | Samples: 9535/14042 | accuracy: 0.76 | vllm:  6/32 | HTTP retries: 15,840
Steps: 9572/14042  68% | Samples: 9559/14042 | accuracy: 0.76 | vllm: 18/32 | HTTP retries: 15,882
Steps: 9573/14042  68% | Samples: 9566/14042 | accuracy: 0.76 | vllm: 24/32 | HTTP retries: 15,900
Steps: 9593/14042  68% | Samples: 9574/14042 | accuracy: 0.76 | vllm: 12/32 | HTTP retries: 15,908
Steps: 9602/14042  68% | Samples: 9593/14042 | accuracy: 0.76 | vllm:  8/32 | HTTP retries: 15,930
Steps: 9614/14042  68% | Samples: 9594/14042 | accuracy: 0.76 | vllm: 11/32 | HTTP retries: 15,932
Steps: 9615/14042  68% | Samples: 9603/14042 | accuracy: 0.76 | vllm: 19/32 | HTTP retries: 15,947
Steps: 9625/14042  68% | Samples: 9611/14042 | accuracy: 0.76 | vllm: 13/32 | HTTP retries: 15,953
Steps: 9627/14042  68% | Samples: 9614/14042 | accuracy: 0.76 | vllm: 15/32 | HTTP retries: 15,953
Steps: 9628/14042  68% | Samples: 9616/14042 | accuracy: 0.76 | vllm: 18/32 | HTTP retries: 15,953
Steps: 9635/14042  68% | Samples: 9629/14042 | accuracy: 0.76 | vllm: 25/32 | HTTP retries: 15,991
Steps: 9641/14042  68% | Samples: 9636/14042 | accuracy: 0.76 | vllm: 26/32 | HTTP retries: 16,007
Steps: 9655/14042  68% | Samples: 9642/14042 | accuracy: 0.76 | vllm: 18/32 | HTTP retries: 16,040
Steps: 9656/14042  68% | Samples: 9648/14042 | accuracy: 0.76 | vllm: 21/32 | HTTP retries: 16,040
Steps: 9671/14042  68% | Samples: 9657/14042 | accuracy: 0.76 | vllm: 16/32 | HTTP retries: 16,060
Steps: 9672/14042  68% | Samples: 9661/14042 | accuracy: 0.76 | vllm: 18/32 | HTTP retries: 16,068
Steps: 9685/14042  68% | Samples: 9673/14042 | accuracy: 0.76 | vllm: 15/32 | HTTP retries: 16,092
Steps: 9689/14042  69% | Samples: 9677/14042 | accuracy: 0.76 | vllm: 17/32 | HTTP retries: 16,093
Steps: 9703/14042  69% | Samples: 9690/14042 | accuracy: 0.76 | vllm: 18/32 | HTTP retries: 16,116
Steps: 9707/14042  69% | Samples: 9704/14042 | accuracy: 0.76 | vllm: 28/32 | HTTP retries: 16,164
Steps: 9708/14042  69% | Samples: 9708/14042 | accuracy: 0.76 | vllm: 31/32 | HTTP retries: 16,169
Steps: 9719/14042  69% | Samples: 9709/14042 | accuracy: 0.76 | vllm: 21/32 | HTTP retries: 16,191
Steps: 9732/14042  69% | Samples: 9720/14042 | accuracy: 0.76 | vllm: 15/32 | HTTP retries: 16,217
Steps: 9736/14042  69% | Samples: 9725/14042 | accuracy: 0.76 | vllm: 17/32 | HTTP retries: 16,222
Steps: 9737/14042  69% | Samples: 9729/14042 | accuracy: 0.76 | vllm: 23/32 | HTTP retries: 16,233
Steps: 9744/14042  69% | Samples: 9736/14042 | accuracy: 0.76 | vllm: 19/32 | HTTP retries: 16,239
submitit INFO (2025-11-30 10:28:06,007) - Job has timed out. Ran 598 minutes out of requested 600 minutes.
submitit WARNING (2025-11-30 10:28:36,053) - Bypassing signal SIGCONT
[11/30/25 10:28:36] WARNING  Bypassing signal SIGCONT     job_environment.py:196
[11/30/25 10:29:06] WARNING  Sample error (id: 9792, epoch: 1):       run.py:650
                             OperationalError('database is locked')).           
                             Sample will be retried.                            
submitit WARNING (2025-11-30 10:30:06,010) - Bypassing signal SIGTERM
[11/30/25 10:30:06] WARNING  Bypassing signal SIGTERM     job_environment.py:196
