{"model": "vllm/Qwen2.5-32B-Instruct", "total_samples": 198, "completed_samples": 198, "choice": {"accuracy": 0.494949494949495, "stderr": 0.03562170760625403, "scorer": "choice"}}