{"model": "vllm/Qwen2.5-1.5B-Instruct", "total_samples": 24395, "completed_samples": 24395, "expression_exact_match_sympy": {"accuracy": 0.3843820455011265, "stderr": 0.005224604075833214, "scorer": "expression_exact_match_sympy"}, "manual_bootstrap": {"accuracy": 0.38423590899774546, "stderr": 0.004587466309103663, "scorer": "manual_bootstrap", "epochs": 5}}