{"model": "vllm/Qwen2.5-32B-Instruct", "total_samples": 198, "completed_samples": 198, "choice": {"accuracy": 0.45454545454545453, "stderr": 0.03547601494006934, "scorer": "choice"}}