{"model": "vllm/Qwen2.5-32B-Instruct", "total_samples": 198, "completed_samples": 198, "choice": {"accuracy": 0.5202020202020202, "stderr": 0.035594435655639176, "scorer": "choice"}}