{"model": "vllm/Qwen2.5-0.5B-Instruct", "total_samples": 198, "completed_samples": 198, "choice": {"accuracy": 0.20707070707070707, "stderr": 0.028869778460266993, "scorer": "choice"}}