{"model": "vllm/Qwen2.5-0.5B-Instruct", "total_samples": 198, "completed_samples": 198, "choice": {"accuracy": 0.16666666666666666, "stderr": 0.026552207828215258, "scorer": "choice"}}