{"model": "vllm/Qwen2.5-0.5B-Instruct", "total_samples": 198, "completed_samples": 198, "choice": {"accuracy": 0.1717171717171717, "stderr": 0.026869716187429872, "scorer": "choice"}}