{"model": "vllm/Qwen2.5-1.5B-Instruct", "total_samples": 197, "completed_samples": 197, "choice": {"accuracy": 0.25888324873096447, "stderr": 0.0312872400359748, "scorer": "choice"}}