{"model": "vllm/Qwen2.5-1.5B-Instruct", "total_samples": 198, "completed_samples": 198, "choice": {"accuracy": 0.29292929292929293, "stderr": 0.03242497958178814, "scorer": "choice"}}