{"model": "vllm/Qwen2.5-1.5B-Instruct", "total_samples": 197, "completed_samples": 197, "choice": {"accuracy": 0.34517766497461927, "stderr": 0.03395901225226424, "scorer": "choice"}}