{"model": "vllm/Qwen2.5-1.5B-Instruct", "total_samples": 197, "completed_samples": 197, "choice": {"accuracy": 0.43147208121827413, "stderr": 0.03537726154503399, "scorer": "choice"}}