{"model": "vllm/Qwen2.5-3B-Instruct", "total_samples": 198, "completed_samples": 198, "choice": {"accuracy": 0.31313131313131315, "stderr": 0.033042050878136546, "scorer": "choice"}}