{"model": "vllm/Qwen2.5-3B-Instruct", "total_samples": 198, "completed_samples": 198, "choice": {"accuracy": 0.3838383838383838, "stderr": 0.03464881675016338, "scorer": "choice"}}