{"model": "vllm/Qwen2.5-1.5B-Instruct", "total_samples": 198, "completed_samples": 198, "choice": {"accuracy": 0.3181818181818182, "stderr": 0.0331847733384533, "scorer": "choice"}}