{"model": "vllm/Qwen2.5-14B-Instruct", "total_samples": 4200, "completed_samples": 4200, "aime_scorer": {"accuracy": 0.34166666666666634, "stderr": 0.013906888085418973, "scorer": "aime_scorer"}, "manual_bootstrap": {"accuracy": 0.3415892857142857, "stderr": 0.008220388950720872, "scorer": "manual_bootstrap", "epochs": 5}}