{"model": "vllm/Qwen2.5-3B-Instruct", "total_samples": 925, "completed_samples": 925, "choice": {"accuracy": 0.6064864864864864, "stderr": 0.028221996517484527, "scorer": "choice"}, "manual_bootstrap": {"accuracy": 0.6065567567567567, "stderr": 0.021571313770700436, "scorer": "manual_bootstrap", "epochs": 5}}