{"model": "vllm/Qwen2.5-1.5B-Instruct", "total_samples": 185, "completed_samples": 185, "choice": {"accuracy": 0.32432432432432434, "stderr": 0.03451039989562494, "scorer": "choice"}}