{"model": "vllm/Qwen2.5-1.5B-Instruct", "total_samples": 185, "completed_samples": 185, "choice": {"accuracy": 0.745945945945946, "stderr": 0.03209281645145383, "scorer": "choice"}}