{"model": "vllm/Qwen2.5-1.5B-Instruct", "total_samples": 185, "completed_samples": 185, "choice": {"accuracy": 0.3621621621621622, "stderr": 0.035432171151384896, "scorer": "choice"}}