{"model": "vllm/Qwen2.5-1.5B-Instruct", "total_samples": 185, "completed_samples": 185, "choice": {"accuracy": 0.5405405405405406, "stderr": 0.036739126206494666, "scorer": "choice"}}