{"model": "vllm/Qwen2.5-1.5B-Instruct", "total_samples": 185, "completed_samples": 185, "choice": {"accuracy": 0.32972972972972975, "stderr": 0.03465733148032954, "scorer": "choice"}}