{"model": "vllm/Qwen2.5-1.5B-Instruct", "total_samples": 185, "completed_samples": 185, "choice": {"accuracy": 0.31351351351351353, "stderr": 0.03420071750756413, "scorer": "choice"}}