{"model": "vllm/Qwen2.5-0.5B-Instruct", "total_samples": 925, "completed_samples": 925, "choice": {"accuracy": 0.28972972972973005, "stderr": 0.020901035968065817, "scorer": "choice"}, "manual_bootstrap": {"accuracy": 0.290145945945946, "stderr": 0.02544945634668559, "scorer": "manual_bootstrap", "epochs": 5}}