{"model": "vllm/Qwen2.5-0.5B-Instruct", "total_samples": 925, "completed_samples": 925, "choice": {"accuracy": 0.25081081081081097, "stderr": 0.01804353852660439, "scorer": "choice"}, "manual_bootstrap": {"accuracy": 0.250372972972973, "stderr": 0.025862048478367747, "scorer": "manual_bootstrap", "epochs": 5}}