{"model": "vllm/Qwen2.5-0.5B-Instruct", "total_samples": 925, "completed_samples": 925, "choice": {"accuracy": 0.3643243243243246, "stderr": 0.023973975155149672, "scorer": "choice"}, "manual_bootstrap": {"accuracy": 0.3632108108108108, "stderr": 0.025672184115370273, "scorer": "manual_bootstrap", "epochs": 5}}