{"model": "vllm/Qwen2.5-0.5B-Instruct", "total_samples": 925, "completed_samples": 925, "choice": {"accuracy": 0.23027027027027044, "stderr": 0.017738211264131297, "scorer": "choice"}, "manual_bootstrap": {"accuracy": 0.23080540540540542, "stderr": 0.025705188727927077, "scorer": "manual_bootstrap", "epochs": 5}}