{"model": "vllm/Qwen2.5-32B-Instruct", "total_samples": 197, "completed_samples": 197, "choice": {"accuracy": 0.5025380710659898, "stderr": 0.0357138255824119, "scorer": "choice"}}