{"model": "vllm/Qwen2.5-32B-Instruct", "total_samples": 197, "completed_samples": 197, "choice": {"accuracy": 0.41624365482233505, "stderr": 0.035209639989297215, "scorer": "choice"}}