{"model": "vllm/Qwen2.5-32B-Instruct", "total_samples": 197, "completed_samples": 197, "choice": {"accuracy": 0.6598984771573604, "stderr": 0.03383878925401043, "scorer": "choice"}}