{"model": "vllm/Qwen2.5-14B-Instruct", "total_samples": 185, "completed_samples": 185, "choice": {"accuracy": 0.7351351351351352, "stderr": 0.032530209055933325, "scorer": "choice"}}