{"model": "vllm/Qwen2.5-14B-Instruct", "total_samples": 185, "completed_samples": 185, "choice": {"accuracy": 0.9027027027027027, "stderr": 0.021848108717761928, "scorer": "choice"}}